k__Bacteria; p__Actinobacteria; c__Actinobacteria; o__Bifidobacteriales; f__Bifidobacteriaceae; g__Bifidobacterium; s__bifidum	365385
k__Bacteria; p__Firmicutes; c__Erysipelotrichi; o__Erysipelotrichales; f__Erysipelotrichaceae; g__Catenibacterium; s__mitsuokai	40839
k__Bacteria; p__Firmicutes; c__Clostridia; o__Clostridiales; f__Lachnospiraceae; g__Blautia; s__	180905	196724	299620	2032544	180898	338321	554160	181617	342380	4450979	183843	327149	261016	183866	360717	311080	335577	190938	31735	291733	365167	3164696	176327	315517	195495	364660	538947	174009	191113	178994	189866	364109	176450	237138	81152	196082	192424	362009	549635	346738	174163	195166	190987	316907	851322	197497	196946	187035	573189	179989	295085	315958	2600155	182864	185394	4327141	336761	190100	183287	193946	184391	4404507	642922	197317	316257	364048	307761	194615	194420	512250	661266	174545	194033	175955	188433	292228	179866	193744	366846	193367	298716	351067	172308	3924208	329274	180615	194863	359520	196211	198059	174138	189067	4392196	188811	28218	199745	177941	183601	345473	183708	189588	179807	318970	193852	197504	193467	298896	347115	186896	185059	174950	293307	182766	194586	302090	4462867	353942	190956	187468	179971	176070	324163	192935	178767	516792	370183	175509	1861639	583089	2582660	186585	338626	179623	175559	197992	178954	181330	185809	181675	4429301	302049	191779	366727	532203	370338	192542	287668	131571	196105	185563	4348388	4093636	368950	573379	4403691	362958	188690	180493	162651	193666	329305	196656	192634	178607	180633	192834	193972	150230	195807	317113	181899	177005	204681	190991	267039	189849	303452	188659	198559	177617	4477044	518389	351299	52624	185840	77514	130214	336133	4296217	317636	115149	3014078	312530	194660	184160	13995	183252	312986	334203	191034	174801	365455	187702	303226	185951	181670	197481	589822	186427	193466	198805	3014082	3896678	193302	523471	339948	328717	181756	4434664	325957	296729	198915	194990	185731	198272	291392	177037	182933	183967	196878	174747	313958	183585	189998	4343221	187796	181036	198503	187385	184983	229941	198128	183651	182514	183145	181417	198145	512682	188209	179534	176561	513935	330566	148279	198156	186748	196932	185883	198420	367456	310071	189895	194063	287978	195200	184046	180414	176244	188479	115104	567715	174763	195028	333024	196136	191734	197354	180736	190162	175391	366237	198636	672431	297970	359493	174143	357334	196083	189517	424270	188935	197524	183044	195275	174589	191395	145575	195552	105440	304108	1740161	353162	199279	4369382	292735	176008	178382	179812	175222	196200	531675	363348	300978	4341428	198584	185240	191633	350759	524444	189605	173817	190108	350004	183425	178678	193592	318760	174078	187952	328628	174270	4418862	310069	184984	358798	176381	193842	147105	193210	518016	187271	183339	179615	183210	289397	180785	290696	360837	195522	360660	186134	321453	177349	177905	198646	188293	188850	186992	365194	175308	197979	4359797	179734	4347652	325848	194371	187533	4386293	180193	198532	330947	178664	177530	331850	4352657	198751	331253	195186	190610	2256427	296375	196791	193061	3787356	365341	775611	177335	195095	198950	182702	199243	68845	4454027	293543	183144	287445	326936	322087	582951	364164	176885	531582	4095655	179356	186996	180446	327581	289183	193268	259955	319476	180190	131559	185812	1628708	185745	181844	186022	182996	189053	185836	1078587	300607	2676488	4179572	145401	4347565	187399	195093	175754	361619	525378	358843	195066	188753	174043	363735	179729	291179	4407278	2656849	4338156	183340	186242	303313	185969	193041	187210	366771	299302	4462857	4328550	303169	287539	292633	192217	305997	4296211	196180	307113	357168	186883	230741	589215	183824	4361189	4384346	344488	194015	184349	176157	187460	3185345	190633	181934	4468384	197221	187946	184238	177421	194648	183564	4465907	197208	290219	190092	149909	296441	199436	580087	182107	174044	309147	333694	358333	174624	193208	196332	295356	111427	192746	341433	182542	176193	290146	186061	333107	182413	4474380	296257	190706	177234	368318	3465915	317205	335449	194353	178462	326337	191978	357853	185759	176742	189971	177101	199501	197222	198990	297149	188945	362108	182261	185805	561069	517282	365574	178517	183308	198983	294606	185020	177062	297856	298632	192937	180140	367790	191213	221784	361186	193484	3604981	199065	184890	195937	4321810	436032	199476	197792	4330229	189838	194591	175551	181335	300629	207390	176974	862634	320786	404292	316452	193598	176211	264113	182308	183604	291870	187932	184126	195723	194380	2612241	187207	184561	193219	179557	585932	189571	177884	193731	179473	362568	2414714	958556	4462739	186256	195769	195408	99566	365510	99891	1611482	184882	174332	187002	318900	4409955	188820	179549	181226	267626	299705	258461	181836	347337	294507	4414725	191468	308191	2035344	192696	325244	177176	588277	182133	4435236	179436	190605	194513	187008	194993	175586	191740	181265	344947	341953	196942	181165	183903	191183	174365	3851391	187945	354095	363029	102704	197346	182989	364274	366641	175447	2137906	529608	179593	181117	197282	175198	360392	183857	22923	191601	744885	174869	359044	164906	189125	179715	188037	317899	299757	311776	362037	337080	187053	193372	199575	2385035	356758	177552	180629	290371	296007	3450453	287700	358100	3768338	570507	189877	292310	187891	342303	362389	181927	197352	191250	197402	174716	174501	178762	312589	299419	181797	189698	4208927
k__Bacteria; p__Actinobacteria; c__Actinobacteria; o__Bifidobacteriales; f__Bifidobacteriaceae; g__Bifidobacterium; s__breve	4396138	28109
k__Bacteria; p__Firmicutes; c__Clostridia; o__Clostridiales; f__Peptococcaceae; g__; s__	4326496	1139839	281469	531730	843569	803207	4337055	540653	3268451	4341564	263705	66943	93438	254373	4379111	317862	4021516	131994	165741	4432675	3931054	4337426	1147322	13873	789229	319720	155389	2263186	4401697	4285600	4313544	542395	792522	1064183	142756	4301946	40595	4372752	353812	4296451	4306060	806691	110317	813052	253693	4349425	4477544	19343	521192	1919145	4060501	4319019	139691	4466335	737686	262551	57455	376397	4334440	4312851	3199885	3768971	4301998	4312850	4360206	821344	250113	108149	513053	4401699	2235415	173476	3115847	300694	241694	825001	927352	4326559	4354590	4456459	1855241	531495	748855	4314524
k__Bacteria; p__Firmicutes; c__Clostridia; o__Clostridiales; f__Ruminococcaceae; g__Clostridium; s__methylpentosum	470117
k__Bacteria; p__Bacteroidetes; c__Bacteroidia; o__Bacteroidales; f__Bacteroidaceae; g__Bacteroides; s__	3963289	260410	2331530	359538	2949328	177360	4030375	524442	157203	2038446	4328098	4358723	160830	4324038	3275934	1542014	190638	102620	2740953	2696706	4345850	4341633	157454	296045	4424408	4447950	531067	180834	175617	4424106	3399749	4328515	367377	4473972	4420408	157921	183012	577170	331779	848315	560336	314328	198449	533373	3702911	4481463	1797754	1129060	4426266	4412168	316782	357582	2505255	352825	4477861	3173413	524661	4335293	3407052	358493	4331736	4481719	841290	164088	3439402	4373802	355291	4467984	157298	1950496	514974	3671383	4348122	4450198	583656	158667	4321001	188113	4412487	4439360	2066374	4415121	356052	292260	185420	2874602	1703713	2612863	3472078	196778	762358	4417335	189384	178148	191439	3562626	178810	4427351	338226	198711	296470	2034070	813545	4344647	191483	4315097	3465233	161007	2896811	158393	228601	572010	2550809	4346368	4366843	184209	3887769	315429	511386	2599028	2237211	4416614	2442708	276484	524318	4339801	2875735	4395774	332732	203004	3182235	4378081	3465320	194909	193233	3745352	769961	233549	4335812	142871	182255	2223970	4325295	1135084	184753	291800	187179	4177702	174845	1749079	72466	158839	158210	4425495	180045	1566189	213813	4304601	4394313	364926	336559	4425043	3486634	2465036	242259	340547	3410999	4174963	4422580	4267525	176230	3583645	310247	4322986	4357811	550814	4414834	4477455	3262406	182052	181532	2061739	249047	1944498	3277423	4443664	194667	4376609	320395	4345458	1992	180421	2375352	2155318	4278525	158711	193591	349929	2851803	2388617	188735	144340	784927	4360055	339013	4359056	239283	1919007	2892294	177150	3600504	4449054	4457872	172777	2224336	1666677	158906	580629	291711	4357205	4393745	349809	176071	581814	4189999	353782	199190	4372612	246494	3758679	3304236	348304	186358	342934	4358527	4379411	4483176	176034	2768843	127309	323231	4390839	523668	2150069	4342992	158581	2563561	4428185	319621	355277	3838014	1134151	3834453	4060124	182157	4207910	332317	2888732	3148447	2658061	4447072	4334711	2069039	4354042	2921213	4369327	4392243	190815	2865835	2415144	4371640	301578	4390134	192839	2859978	4372511	176660	192255	4385791	157748	4235585	4411385	4384516	4433947	528234	4464079	197537	188887	4437362	4381422	4340358	2987636	3262250	158863	319796	728991	4467347	325503	206233	271259	514547	3989538	523784	760350	4381426	2110060	4435396	332588	195157	176410	102407	4172237	4232045	158137	4392484	1135130	4338598	521704	2429995	345637	577377	4361727	221758	4352648	234488	4376649	3325758	983661	4232046	4478367	1782947	197367	4381913	2227749	185476	240992	185888	194341	3785400	2920309	213566	2270563	190309	160178	540982	4405100	183579	4476578	125270	4226929	526875	199716	521927	2277615	158215	2805825	4401110	1784461	336012	4350866	4481937	4342704	2904922	177343	1107758	114500	4347840	190913	3426658	158914	174978	192865	1698008	4470518	239358	171559	3890155	4357712	364179	4433736	4403708	4354041	2487129	512636	531169	4094258	2130162	28056	4029632	840419	2128805	518360	2243510	238218	1811208	52362	331193	4409167	186352	4320478	4385790	1624030	1139490	158820	538296	184174	681180	4015273	270094	4329090	2063400	3211875	161423	513445	192684	338754	2656868	1682176	1123250	178478	2311075	261878	4435784	183496	3584697	4318470	185722	197991	186841	180141	4465250	3547902	158651	209685	3256931	4346427	4478614	4372818	2237866	197214	681357	212164	4366391	4302904	1133471	369299	4471182	175535	181719	4356641	4455531	3323110	3667183	208972	1126638	1740498	1136275	2050168	1813954	3272632	313764	732765	183619	4369878	2134452	186866	688067	1641741	4381553	1109422	159668	182874	4417325	4401580	158967	4462436	175485	158823	4437814	1142687	4324964	330908	4451152	3258648	4347009	1703712	356827	183662	3361687	847092	364903	174036	183480	4426236	2858256	4301298	194670	187841	4324039	3783302	4442029	142859	2204474	189090	562924	556126	360518	176564	4442680	4435938	2039026	4354229	321811	4467447	191487	193859	4407515	182854	351894	3979914	2198356	4468234	4020502	1508541	4442299	520712	710208	340474	1809696	4346374	157970	1107945	178253	1905494	4346677	4429340	3443256	4012190	574471	198788	4484034	271214	205904	4403974	312140	82138	4475642	158850	195258	354850	340819	174646	3882796	45921	844375	1877831	327050	2137001	2858770	849393	188158	336441	4298163	4389571	351292	360000	3164394	1105984	195781	4360128	331562	3778080	2624257	4378688	3779896	369449	4343580	335984	4332676	177222	4008675	4346307	2039020	185604	326626	158908	297057	192055	3141094	4463715	531722	169813	4406925	90487	4450176	4463892	1906483	4442028	4354915	208949	4415263	571458	211706	1531298	4402195	352034	178064	4356331	182569	193534	4353745	336710	3997242	3638321	3940440	1146234	3127555	3989856	157327	2277614	4455163	4371060	2924873	189920	3943182	583117	4402959	362608	316132	364291	187178	4477537	3154070	197052	326662	174109	198185	4421070	182117	4434294	192070	71331	4483963	363887	3195932	2588266	304661	3563235	3439403	157396	183817	196769	4446898	305946	3925380	4386761	364029	843785	199627	3588390	181239	103730	4438116	4385761	4399495	696477	589277	2189140	547506
k__Bacteria; p__Bacteroidetes; c__Bacteroidia; o__Bacteroidales; f__Prevotellaceae; g__Prevotella; s__copri	524865	4412542	514723	840914	289257	4410166	295554	527203	184464	521431	326482	2550241	4318208	296442	517558	531614	196729	312969	514512	519695	190526	925131	178860	524909	307154	339457	198733	313121	568118	198786	589329	307571	292921	523246	301253	521450	527874	293843	195574	294617	3035308	517822	592925	4456491	516093	173565	2280817	350627	297414	178387	303283	2075910	515798	531114	198502	292634	522627	513003	525348	515381	299830	174831	328035	189521	1921615	588929	181539	558839	517015	183598	338752	300650	545061	294270	344318	512004	2888723	2037235	197994	180825	518820	292041	329693	4406684	521558	298394	524891	527604	525461	509109	346938	4404224	323619	530653	333028	849535	329650	509636	4436552	513242	215670	1108595	528116	348612	196296	314613	189083	296374	527941	342638	328936	293717	560836	516464	517068	298451	291725	321875	577027	336372	186974	526701	345899	849544	530319	294196	517996	72142	321743	511256	525064	339221	520962	519704	522364	349786	4295618
k__Bacteria; p__Firmicutes; c__Clostridia; o__Clostridiales; f__Lachnospiraceae; g__[Ruminococcus]; s__gnavus	3750373	4435690	14030	287368	195385	259263	185854	174360	185891	1830364	260088	198690	268297	4162582	4423882	175491	164872	313144	4183249	263179	260246	363692	193749	263362	372906	4394763	186406	198490	185338	360015	175575	350664	186441	3044876	2797559	2901239	342761	307903	4388396	193853	295370	4338803	271590	259132	1109178	4344861	383971	187041	1624382	1713225	1551841	188333	185277	4384203	3320406	352008	268125	290398	180221	258969	260655	183174	348642	274317	985239	135625	193769	1917420	268487	184729	303076	266948	170056	2677481	233313	195421	196037	279026	181568	4472158	269103	306480	307640	4372625	259781	181683	4394801	262825	164719	3252949	192774	259056	180215	184810	267717	259379	68842	175998	308042	416286	197435	274095	262970	186332	2339949	210965	322112	187651	4432459	97294	267892	348376	349142	262633	173722	174162	258710	320373	294219	198423	179815	2686384	4343631	194780	292294	270758	1764594	4438330	3321163	266896	167910	4388174	263946	267298	2683271	4471604	308224	273240	1880021	320844	4426051	262869	289379	1805553	3702906	267335	1962281	54563	4407301	305880	4356342	297509	309916	182506	178022	187703	198251	2897332	352445	273776	319214	330116	1607371	174952	4414240	4338469	173192	270081	184695	270968	199753	262537	273179	3409376	351734	179279	191476	331575	191772	301872	4316995	276260	296869	195470	267996	110221	316037	194858	449417	182517	3578010	2134884	184903	185088	193358	270015	173914	263327	295075	275913	271585	3647536	191755	185570	1111191	190863	190908	182882	181707	4390754	273386	181237	336872	4476604	276941	321446	185294	264248	311564	268416	274603	2281172	261010	4416025	4339978	266946	176858	4395465	178026	4426874	335966	191583	1869566	299070	261918	259983	4383827	259087	178031	196889	259818	189176	275684	268797	335701	306914	198916	330564	265503	183495	272593	339092	190254	269107	175371	263138	176704	195215	188402	4385577	1696607	195444	342887	271191	355468	185441	188674	197503	4471130	342397	191683	271476	348948	190711	191205	196370	189403	317073	3376513	2005562	3633129	260529	4464473
k__Bacteria; p__Proteobacteria; c__Gammaproteobacteria; o__Enterobacteriales; f__Enterobacteriaceae; g__Edwardsiella; s__	367809	788593
k__Bacteria; p__Firmicutes; c__Erysipelotrichi; o__Erysipelotrichales; f__Erysipelotrichaceae; g__[Eubacterium]; s__	815422	2822804	815356	1131759	222343
k__Bacteria; p__Actinobacteria; c__Actinobacteria; o__Bifidobacteriales; f__Bifidobacteriaceae; g__Bifidobacterium; s__adolescentis	235262	584375	4347159	370225	359098
k__Bacteria; p__Actinobacteria; c__Coriobacteriia; o__Coriobacteriales; f__Coriobacteriaceae; g__Collinsella; s__	415315	365212	193436	4318139	289308	180467	303693	302647	290572	1147903	147071	414949	189997	344601	352607	187490
k__Bacteria; p__Bacteroidetes; c__Bacteroidia; o__Bacteroidales; f__Bacteroidaceae; g__Bacteroides; s__eggerthii	4414420	312770	185730	316761	322715	192111	344525
k__Bacteria; p__Firmicutes; c__Clostridia; o__Clostridiales; f__Lachnospiraceae; g__Roseburia; s__faecis	362846	1624481	4339831	4330715	145765	509017	510777	4404392	3387754	2532173	351105	177520	4392188	4347568	195105	4380191	185192	338177	4333509	362947	186077	4360486	107098
k__Bacteria; p__Firmicutes; c__Clostridia; o__Clostridiales; f__Lachnospiraceae; g__Coprococcus; s__	306288	190599	352455	874183	174019	108706	520231	556240	266062	366623	99173	289658	367688	189626	174629	295629	269828	573289	561193	192066	352507	179055	178557	584481	1126322	573803	273278	312317	518984	260496	195929	311390	540532	266621	176201	177765	4391085	189878	4348358	570683	184656	194065	578857	272942	521586	261841	72606	195189	335910	175397	3736962	321331	321774	182343	3910530	109798	833216	825201	1904161	193163	815573	208901	259593	382721	188573	4335402	529764	357449	206151	261111	826302	178205	289348	752354	515594	4454564	297574	179911	308983	325126	181672	508897	95597	180555	525606	185519	205613	528320	1678333	199300	301079	195876	641987	189478	177362	186780	186731	32471	269576	367453	538837	353577	4419650	527413	181348	324985	291512	166156	186969	263704	174912	4459156	4139860	522063	137004	179946	266392	311693	198373	183057	177058	185631	515632	197675	531052	764292	553150	266726	182903	173969	189797	4444215	325588	523731	607540	553842	72481	2752425	293508	365118	576833	707653	198555	324835	557137	37010	172487	4348571	4478605	270145	818838	542857	523749	160750	4476330	176129	177359	174625	291890	187782	529180	181437	289402	519545	197603	2065341	199491	194693	271449	186921	216009	397065	2740950	1107586	1139736	186614	189450	188918	290502	508954	14099	3150552	3425927	4466707	4428676	181025	828776	302128	20421	726712	544146	311610	193975	321907	514272	178629	323463	195532	1803030	184581	178433	192263	137353	294791	3325984	4308498	185765	4405104	509842	328055	189677	190534	1110690	514241	525429	158563	194572	181047	820362	4425669	578511	300123	177172	516519	178238	1106830	177754	147195	262227	178621	209524	222733	175438	733028	4478815	217060	4310265	456774	187114	1144037	197003	4382003	274400	1107057	4441688	199228	289161	192878	518717	517170	180120	181918	187569	3648884	550996	713689	178970	326833	524038	182274	186819	340572	341730	300297	199276	178984	177760	319153	528217	199137	186174	336205	77516	182118	3462417	194758	198252	177933	322189	194417	4302724	179137	190984	295251	343934	2876158	2510541	179677	274577	182054	360147	178882	313387	222721	194001	828230	551141	578437	309206	4322943	182538	181543	4307633	774047	199066	342200	182545	338987	199081	4316573	300254	259772	191238	185703	300399	100506	274857	194557	177586	672978	272361	177301	181176	175717	187356	196087	315309	346606	184025	302864	191687	647705	521074	3141342	177518	323786	304154	179273	185861	296960	354254	297575	192958	232283	325279	199077	230252	179695	972100	305920	323473	4314294	260787	1646166	199600	312835	336247	184770	193969	187212	189152	186319	4323727	194008	193551	4471854	183799	194104	299398	182621	185667	182289	232030	331099	189611	189459	183781	222851	524287	4322534	192465	316598	177493	322231	208571	1130562	3262332	195628	178961	183533	4322379	547913	574172	245596	183680	307722	342217	184905	646321	653533	194734	372622	175389	300596	298392	159911	183973	844645	198737	4329776	4374193	184013	518460	188974	3931706	332846	339791	195196	1130781	833381	529417	230528	181853	265576	528067	71089	193621	4413165	345801	175697	178682	176300	188625	197897	332411	184050	194424	1138850	174045	4307265	177111	515485	197112	148304	175942	175846	194359	187868	185715	300952	274455	197022	194123	517154	310541	4369794	842596	1062229	804526	4474844	660214	279487	4403632	574263	341899	655725	301879	186238	3090048	333259	4463709	343422	149233	358834	352747	178559	184525	294709	185235	531772	47862	186592	4376453	1107327	4307264	4309509	233648	48887	183288	198067	425675	178146	188047	4296772	4302392	263074	181560	300647	4477372	591540	4194837	199313	223895	567961	177201	835283	185312	261634	190641	102159	144778	181269	195728	188973	211795	328993	313495	184120	267514	585881	195716	177984	188194	367889	341204	184553	350398	311206	743919	1105328	175883	589475	192218	301910	177463	178686	303844	4452297	4350702	188079	197249	187470	588414	135947	4308637	593686	528157	184821	183883	754549	261381	179267	532377	191081	38211	727140	272479	655876	4369797
k__Bacteria; p__Bacteroidetes; c__Bacteroidia; o__Bacteroidales; f__Porphyromonadaceae; g__Parabacteroides; s__	1764554	256323	180082	114697	3757799	1726408	531353	528653	741298	4350566	157664	851323	4442459	4369272	3064113	3349141	661933	522582	290566	306160	4359027	510205	158207	3349140	157681	4329571	343433	1952	518538	4441084	306330	3970656	314915	3449121	4426873	3970651	293797	1109552	195123	513985	807034	314406	191251	4372003	847228	689975	921813	514363	2016294	520864	735609	4449803	4477019	846127	918187	2058521	3349138	104141	157481	523418	150494	230553	196219	335447	342873	3404369	4003061	198866	564989	276149	3970657	1800048	520075	28974	1729249	4368575	180731	304539	3009852	4335624	4418496	4308591
k__Bacteria; p__Firmicutes; c__Clostridia; o__Clostridiales; f__Lachnospiraceae; g__[Ruminococcus]; s__torques	4390966	2305624	4364464	4381338	4417947	148987	360703	1793626	175474	4340036	583398	3366133	1721299	4481629	370361
k__Bacteria; p__Bacteroidetes; c__Bacteroidia; o__Bacteroidales; f__Bacteroidaceae; g__Bacteroides; s__coprophilus	522595	157905	526690	2730944	524522
k__Bacteria; p__Actinobacteria; c__Actinobacteria; o__Bifidobacteriales; f__Bifidobacteriaceae; g__Bifidobacterium; s__	484304	69933	813479	132041	652696	553611	4376828	1136109	362214	3528448	4407603	824876	831342	102049	1142029	4426299	567846	825808	639310	295384	4335781	292521	997439	4413347	822770	4308688	471180
k__Bacteria; p__Firmicutes; c__Clostridia; o__Clostridiales; f__Lachnospiraceae; g__Clostridium; s__hathewayi	2250345
k__Bacteria; p__Firmicutes; c__Clostridia; o__Clostridiales; f__Veillonellaceae; g__Mitsuokella; s__multacida	13811	306124
k__Bacteria; p__Proteobacteria; c__Gammaproteobacteria; o__Enterobacteriales; f__Enterobacteriaceae; g__; s__	2445338	580295	337212	275097	510870	3240573	563559	4416113	2749126	358670	1119540	566976	816702	4300950	213522	88742	251608	567856	460975	4324368	812155	4313261	720489	368849	4376263	203579	52003	676211	4340953	630157	136946	4455652	2457426	3728119	1130352	201568	635304	4433274	4388820	45848	814952	141145	4423357	691423	567944	4425571	818108	4376236	1108656	200690	9787	338756	2006142	822899	331697	63934	168031	259306	4389289	123510	4334160	231205	53447	823118	4356100	534965	557093	10175	3944484	345951	3443818	541517	4402787	803167	3441309	1123414	817499	4380863	104044	542725	289261	63938	820346	166890	1104638	4304539	1127531	4318935	1657293	4295777	3061119	3228974	4368600	303883	52942	236142	1109247	228556	566243	813675	632346	348680	1702711	221361	2281837	4416562	3016239	236821	820375	65383	86519	301184	568256	4344722	1733274	281015	819636	618010	274365	746679	4210142	4424737	681779	4433833	1654755	54656	4458775	284014	9665	2132217	4345397	4423027	4371215	824555	239619	814442	4295776	353216	4333020	581412	1141188	589696	63944	238820	9710	4378795	1109362	150571	614182	4332775	1663575	240135	756450	270355	356864	637546	811840	231787	4365281	242707	4392183	547369	297771	754778	121180	3101394	541119	813457	777031	553208	23694	55799	1550603	2598128	3020733	1111874	1110417	4319277	299851	4334052	4455894	4399988	1105894	2295958	4382827	63943	4295775	4319275	3829957	610462	165005	162215	4443068	149545	254662	4448331	1951826	694616	166863	1047956	267416	4454295	4333897	90023	103166	559204	924547	338822	173266	283319	305982	688324	4351284	364163	253061	1138498	164304	363383	366451	27576	2082602	4424284	4352745	4406193	816783	4354477	1128398	368586	636446	4370291	542044	166908	290774	4334501	240810	575794	801438	4111715	4466883	806686	350086	88891	2426688	164430	4469420	4395208	4336809	820315	4430561	4379394	296222	290849	4380886	168254	4295778	970951	4390075	4390410	782953	4342915	192342	778478	268101	776657	2582263	226404	3789156	3531225	289709	91649	824402	815898	2462226	21132	1110763	4295781	4303370	165489	4375000	588216	63942	592467	786708	10085	91557	32418	363031	1116674	743120	345362	4303373	114462	166046	299267	437129	354004	808294	1103557	304641	4376230	219248	3171486	146723	666757	134671	235024	91962	3232397	339108	292289	4391363	1107510	38357	4461030	152859	3799784	1649772	466445	811492	27646	251387	4356890	929476	301286	200597	112434	4408129	63939	151495	518002	776980	3467750	295053	725048	551850	2924870	4388818	4457268	63936	4333280	410307	702443	1963518	148003	744023	3115577	1684080	2084364	345540	54828	2651538	4401450	793744	651366	1127760	528421	4295780	4484484	4024559	2778127	797229	4383961	313060	4454531	3184132	1109844	255774	357900	1110402	533047	53659	639627	668514	4407939	1108679	9994	296358	168759	525841	148251	220970	2082160	812351	63937	3439964	228494	2689396	548293	1147571	722408	4393066	4336055	60332	1028632	368293	811219	1791578	2552941	554163	3867172	824742	4391262	1109454	172586	2251904	581782	4473176	144814	4334700	4480950	1117908	656517	173654	336436	819999	3483793	924504	731636	538000	102194	147681	3781237	301149	4451458	821080	27032	550234	338946	686972	146340	809861	783638	425721	950606	569459	328917	1126111	4397471	581021	197286	9965	1935544	122049	812682	4449851	736735	1594232	4316321	246330	1111294	804705	230213	191235	169182	442743	147629	146991	239195	810831	559954	812379	752584	4479405	9649	329096	1101413	168313	1105459	540402
k__Bacteria; p__Firmicutes; c__Clostridia; o__Clostridiales; f__Lachnospiraceae; g__Butyrivibrio; s__	572872	13950	205848	257727	4482905	583056	559936	553813	2424365	169738	13947	898611	287953	591254	511462	558033	329464	562425	660676	527059	37723	590276	248567	3220253	260448	589800	299380	512962	306329	726939	309565	556604	542737	244932	347732	544781	355428	268626	310826	272294	538761	573265	590263	310869	828448	255917	2371945	574105	111923	313396	582184	510015	3949296	586893	542686	52163	294518	591245	258046	129755	351000	206154	571843	294351	815207	331157	592977	100744	46567	295622	335827	2701904	4298060	4424923	806675	331633	758535	155107	13939	273016	4389064	4351976	568383	298453	269683	565921	212460	538459	273283	298252	350394	585131	52933	105974	352708	543155	13940	593514	695200	755631	162169	355462	551295	303390	587175	818289	511062	587739	4412849	259247	777944	565205	538907	292105	565267	263296	311906	320456	509285	173378	533802	821401	589848	842714	236578	4378009	154939	568662	545046	333790	263789	590763	591447	309299	555314	260128	592514	344220	212281	4364564	847896	92512	328974	270511	562486	308646	356133	109851	579785	13983
k__Bacteria; p__Firmicutes; c__Clostridia; o__Clostridiales; f__Eubacteriaceae; g__Anaerofustis; s__	527988	4417416	341963	543902	4478244	1727150	135410	4330000	67841	264374	291786	727945	336333	148988	553489	135454	299493	4454394	145515
k__Bacteria; p__Proteobacteria; c__Gammaproteobacteria; o__Enterobacteriales; f__Enterobacteriaceae; g__Enterobacter; s__cancerogenus	3015662
k__Bacteria; p__Firmicutes; c__Erysipelotrichi; o__Erysipelotrichales; f__Erysipelotrichaceae; g__[Eubacterium]; s__biforme	329820	4295707	4410938	514773	515578	146665	182483	189812	530323	524884	193710	193776	342467	183161	297635	187336	174066	196727	527208	180112	179018	511209	179620	193623	525241	523132	197105
k__Bacteria; p__Firmicutes; c__Erysipelotrichi; o__Erysipelotrichales; f__Erysipelotrichaceae; g__Holdemania; s__	15728	367215
k__Bacteria; p__Proteobacteria; c__Gammaproteobacteria; o__Enterobacteriales; f__Enterobacteriaceae; g__Providencia; s__stuartii	1116679
k__Bacteria; p__Bacteroidetes; c__Bacteroidia; o__Bacteroidales; f__Bacteroidaceae; g__Bacteroides; s__plebeius	311950	323325	370105	4368216	188706	352617	4449055	351404	365496	320291	187751	338726	187388	340476
k__Bacteria; p__Firmicutes; c__Clostridia; o__Clostridiales; f__Lachnospiraceae; g__; s__	2170526	186955	548503	185587	337551	359158	2051608	16477	514942	274357	179576	4329450	4361531	4333499	4440624	195404	529873	345464	174887	290900	208790	263908	338345	183064	187034	2017729	176726	186633	3765807	4422018	177175	262936	186968	530973	3897819	276354	4480557	1848553	199549	350082	549831	4483037	322070	302690	3747551	312311	1835779	195282	4028553	275563	3251419	333053	198783	1612064	269568	177859	187112	4432952	188607	267694	275533	511942	4341056	174499	4429608	521496	305318	149120	188564	1138948	248923	4316924	176282	190273	289074	185824	207610	338778	4469302	523318	176924	352652	187604	181236	174982	512593	4473509	196533	3754926	310491	191958	4464173	155423	327826	164693	194472	292680	181344	3769033	516576	332168	169815	291267	268880	3398712	360329	516494	268037	195509	4483337	529740	179905	197535	267121	208996	260666	175685	517743	189293	146672	259912	528109	557379	4481359	1682179	342806	4456576	172389	175518	301233	2040703	196893	192282	2177996	526745	261891	313437	334619	179460	1902400	276395	531539	341227	4411295	289452	316740	185607	265074	176039	262326	269657	301498	807425	335786	166355	319438	4379646	194889	571081	197930	296275	356261	178474	2101287	187384	320360	4407030	182469	532022	3786156	3300804	4406782	2424737	355817	4413619	4448492	347466	4435400	274021	270860	538011	268029	302352	190699	182619	4419022	332210	175145	578649	305104	2268895	225298	4441615	4455308	4325096	345658	262104	561808	353026	563591	199301	316357	298858	4331782	1848900	198468	174695	337673	289193	525142	2327935	188840	4174105	291416	547601	318948	28175	195883	360985	335508	183459	263500	214835	322585	324284	513767	4004998	355175	328105	3856408	559488	302239	272949	4470213	4442508	4342025	334661	99498	136604	184021	4380605	177224	265976	176664	188137	304890	309534	190964	4331360	162820	352559	184670	998966	264459	791522	4353058	191256	186906	4155396	259580	4336729	323621	232273	347382	570421	564771	289734	199318	183805	4193317	196381	254617	181985	2420110	369027	290396	149733	540852	1107755	352509	186888	312743	578722	177670	190240	166664	274536	292479	808380	337317	4395450	2024346	4441512	266664	514809	553395	4359984	183969	578960	578457	192204	291998	4375887	569584	188099	190528	534760	272060	4052330	30622	311521	324884	609413	268583	163494	4437368	569660	290607	336375	303866	190961	141363	345753	149313	298108	198238	4357307	4396450	4379141	2298935	325586	316731	844902	533969	338372	4388121	110748	268978	2774254	183684	198625	3392847	356398	336149	319938	591663	105099	3265161	700181	356407	187186	196577	590175	195646	173822	297178	808794	348743	195203	167882	340941	323106	338052	354158	2836610	261631	173935	726550	190191	175367	360311	524575	2879379	328598	4441791	183401	194177	587669	196004	2490211	4372382	289707	196248	2949004	190708	290472	255170	194449	197500	339417	4373060	164811	176080	333330	191923	4362300	4319494	766059	322062	185753	351907	336830	314621	191922	4367562	140439	148311	196832	192221	290917	289113	190320	287755	301136	4402368	302693	295444	2254001	191878	183163	260667	582682	362344	183867	92430	260076	727507	4483152	334328	3694603	313898	293666	526527	174038	552603	3408597	162249	193015	305224	4461799	4450617	276575	179575	135337	176331	186105	337765	194518	167373	4072222	546876	519765	4398738	4432284	4341194	531260	572254	355905	531554	191214	322169	277443	305398	808414	3709560	259382	298865	2821474	178106	182613	1114644	318343	176808	314842	1600785	4378519	296661	201643	192228	581014	753891	321106	272598	193452	634449	339229	176297	1895780	530379	187894	3053793	185232	188007	3973340	4359218	3143796	572313	170561	265280	2420187	305841	720973	533480	772398	4340137	4421276	658370	183054	295683	137362	4454025	302407	268620	3943183	411254	157999	195449	190620	179425	3645685	368698	4393073	184141	4155392	4380871	289088	175280	826382	4045882	299355	184833	293104	176306	403497	176332	299592	3204236	4428544	301549	331571	273686	319127	347740	317740	293516	344372	246017	351880	784256	509070	168541	530383	355904	266405	568309	96459	326344	1607319	513010	2403301	4379889	516553	4444095	184296	588429	4438090	176881	183865	356061	4450010	4457438	264239	310760	2252255	212359	191412	4456605	192444	176399	2104368	177618	694641	25005	336174	182372	292085	303274	4355601	676115	143483	261114	169364	173658	1776714	186416	368261	179609	2320424	190607	369709	313619	332840	352560	192159	340189	268538	322281	276783	2124531	273778	4346624	4366626	95974	4303695	347244	4398137	302988	311042	178809	192625	273600	844998	544479	509709	263907	355424	361972	178439	172236	302422	4155395	3571769	4412850	4356871	190502	564948	341284	243519	545139	296041	349864	310160	301042	194457	174862	135362	261178	706280	265886	189855	4440339	4059332	162294	4453795	2877094	1931575	299008	183556	191098	184864	4303545	347744	188700	4351214	166848	582497	266410	361108	178322	3579831	4403030	319702	546306	341449	300716	4371300	183954	194112	518438	184175	1786433	191052	189592	312325	174667	340642	3312011	194430	1788466	2722893	806987	264036	4426191	327171	330992	4366173	357002	302629	198552	198127	348748	2119695	180206	4404187	190154	267645	362767	528801	197972	187248	345882	4471139	1935636	184573	332587	339799	194415	328357	316842	537098	4465472	518329	318599	2341726	272737	351881	527709	340688	291147	1050914	820272	4450025	321290	1961359	263992	194756	189914	264636	302321	289064	301528	268820	4446238	1109539	238558	267175	4297109	181170	350523	188956	4429500	177820	2177184	174041	289706	276091	4320012	186122	267633	318658	277200	528596	189411	321107	289929	193654	297502	110457	185001	592170	565292	4422963	4289377	512546	185516	1749610	450047	293819	526589	175261	2675920	44560	264996	186263	4369434	306299	350041	351592	1972262	296790	287507	4325725	183414	454156	516054	277349	4469576	4422556	294302	4420417	314676	4478663	299187	193601	335891	323778	573110	579431	177731	4407268	348574	3557915	334527	105358	198243	316550	183006	19873	177061	683112	4447932	215018	192735	192711	298536	4469052	321005	112924	354236	739826	269546	290688	573969	188591	302513	199344	3994829	187624	183925	271944	4427336	824567	529206	333341	2820255	514996	346098	199054	303479	317623	194921	2434190	329313	296072	329742	310957	585377	343361	341749	194822	4363552	4412022	833559	190609	331150	513440	287767	195997	259218	181929	1112984	2393022	348863	4389793	2795122	302909	141770	109966	290963	177694	266869	3699358	583266	73120	193742	358939	342085	106687	238441	3695682	184910	845273	110858	583974	536910	4437823	263107	621472	189548	352022	3929765	589007	192589	519692	296290	2185268	1542256	106928	111446	510843	197334	4442699	299639	587336	142161	164216	190260	114929	183927	355822	352733	362539	529368	4405482	110625	184394	183691	174415	288224	180529	207262	198117	359978	198808	165430	193846	2528260	4371360	811036	311820	261409	529377	18619	109586	165845	197824	4206906	198830	4354235	4356065	270759	4320011	3609803	569210	301765	358336	332630	262716	193458	42607	142814	823251	192672	4400510	1148238	173830	314058	4086959	521515	179847	316544	369227	4396297	198282	4433737	73371	2762219	189045	4471351	648379	177621	43700	922397	4349252	77909	361845	174489	213057	174255	366651	297440	594227	104956	292909	4422727	181828	263828	702414	4389035	271139	189782	266761	327837	216888	1630017	258368	4144790	276364	843454	576914	512512	339329	4332000	189271	174583	275354	13986	1134854	191434	258148	511646	318445	183544	2771073	188098	239138	4344643	4371887	196581	189260	192708	198192	267714	4476205	111003	357111	344422	3686740	350862	272175	545312	331192	312062	186777	198740	276703	4309134	144440	199250	325199	92316	306866	181254	303027	580237	181880	258641	191112	296770	182632	2724175	2365946	294564	350447	211354	839137	355939	197397	341752	196242	260161	352799	2137746	301110	4456516	320165	350875	311692	198324	3798858	188165	276882	349361	316781	297562	336275	275132	191999	331116	180983	179625	174683	192404	338349	186891	583046	191121	182287	288049	317041	290079	4359213	314097	1742070	111271	178612	106444	565338	332885	175847	186844	299179	102221	292662	179124	294224	294440	319097	523934	173900	4403689	78204	293566	182075	192127	4446741	292941	1521321	191274	181574	1914875	168984	99879	275707	178287	269362	335312	298973	194733	274071	586920	4297508	263508	3825765	4350035	333577	262280	287924	528692	3301181	1912118	173824	268175	584152	3699355	265600	840961	317924	4377328	206578	193951	192153	4349660	42492	196100	3994830	198809	179435	289927	291997	300722	188138	173892	4470092	193129	305460	367150	54116	176703	180450	171632	314304	1790398	582627	355621	291462	592572	149136	102794	293128	182723	276037	260855	113707	114850	288364	190691	269586	2915091	176467	4372639	354800	195893	195714	531773	296693	259901	175432	409947	593980	198626	302338	574038	4395648	267605	182491	589000	181834	306066	2293557	4299487	274744	290013	197783	43305	174792	311724	304206	190069	184518	561027	264693	329205	688701	356329	303797	289984	198362	838200	300813	194712	585359	299938	351975	672776	302097	294262	4370024	350866	3186216	299725	178352	997909	335212	457614	299858	581796	178665	197855	349572	4364243	758788	366161	522551	416341	4401628	508875	3156335	528581	191177	275355	4415390	4479562	332813	4342457	4308841	813354	263367	190076	4128381	329520	196135	193343	561171	199487	113337	1991255	180974	838338	299231	149095	193174	104394	271815	567011	192099	299020	296103	3004856	180556	580044	3735160	345111	309963	820070	114620	143715	13960	200157	179637	179384	302429	2265717	186262	178991	291013	1110135	4484111	37128	510286	339180	553654	95553	270676	570049	4378683	310490	530700	4327323	4373156	335411	346525	259815	539601	1549742	266413	264536	2990145	50499	327401	314794	585133	345319	4094862	2992312	344162	2056188	105028	14027	4472130	1111745	262696	528994	179657	551575	1115721	175750	293665	4414236	320009	291496	275082	291493	290771	328139	312586	4383922	2778004	843357	428457	243812	4126575	4449939	913091	352777	311423	739387	652272	296558	529905	2816372	708680	291937	316165	44311	178304	1122611	2901970	4412309	189749	176544	358016	189624	125624	180312	329472	4453307	4468197	173519	313456	193833	4465905	297396	3275562	188675	265047	180903	177581	298115	301156	293918	301399	268379	276249	296733	199490	365125	114223	2387797	179350	4090254	173939	296474	335846	338992	4475000	367947	269006	323154	318949	4361093	535571	2132002	307723	180726	265265	258522	399245	157611	162766	273401	1769960	4452400	298529	4441511	196749	290852	4479443	347801	357963	335675	149699	180523	577143	4341334	1103978	146448	199692	568828	264963	4410912	732637	270222	523064	216111	196986	4468959	289641	190577	131100	20439	363400	293330	188299	2120784	195407	4325199	306939	22371	176850	187837	258559	47477	181003	313213	711099	4397737	3709988	288994	302494	320376	292544	149402	844750	4356060	529531	309195	258169	192536	291823	277593	351794	337461	4303551	571766	191064	98763	185505	3791955	1860112	3468951	193107	265470	324173	288931	525401	545236	4094866	805621	516029	512191	3265556	1642476	3508701	3265889	555027	183087	29937	353085	176053	4396516	302960	335488	183812	14094	589358	211935	180171	305247	169847	2388088	273112	3029968	589852	324863	147981	3175741	351465	3855886	188213	358104	189208	192868	4420272	339574	300418	110361	4371062	4358919	183413	2808641	169721	194848	3797933	340852	523987	262457	268708	196215	261203	2006243	309960	364092	1712722	4440360	355877	544678	611914	31534	4478955	4393083	305177	2185597	849306	193868	269949	335971	315899	199456	297334	347639	4437998	300672	193213	196270	45296	182537	2833757	144963	4436061	4336350	294708	193407	555977	233991	4361006	319378	295938	2548203	332776	167386	181856	190954	4473788	4201482	4363269	188920	328428	527751	265116	2487345	2814193	272366	180289	352852	306261	259154	341139	530629	350970	304201	4422315	3197419	2751748	185561	207063	302865	270765	263678	2868079	182857	339730	311677	350741	193863	4431558	520775	635449	332126	270199	275693	342231	4321090	295361	179907	3994832	4113009	181606	195363	4361101	142092	517040	195120	196854	325329	71649	192609	339624	260056	112809	189996	812218	175279	355771	326380	308072	174672	51807	321809	519398	149131	188289	181472	180878	333279	296892	564961	275648	4465205	199497	1108042	196388	303300	318563	269811	806775	258626	367909	2932151	931121	4459708	297872	184420	4482404	530866	182122	340357	302939	567875	558531	326476	703731	191361	4395485	296330	364459	143980	193919	3428181	272749	592902	529761	532090	421538	210768	146502	532235	288120	302746	273047	236097	540405	156004	508842	293990	131386	195115	519970	3897817	98542	186735	183039	196312	1551174	537163	309980	192291	171532	1997733	269078	324153	3645621	315496	348227	509383	261999	4424118	190188	113581	975306	192155	303841	329662	2986828	202310	3392842	276302	4327763	304480	188234	161899	316211	348641	106860	348568	191330	4447176	276769	187811	3408594	306499	3082155	581716	194512	627043	188610	164237	193680	350175	315880	1786434	137650	330750	193480	343794	306558	331107	340761	4471526	2308370	3150250	522727	591118	298468	340853	312809	528266	192133	329817	195465	751106	2036135	293637	299568	146488	272454	187594	175729	193784	149614	1921816	177986	352812	4339832	187077	257034	268841	287592	302972	4338349	175963	194824	4425526	97557	142751	295429	190516	198426	1766666	360553	174276	199451	4281639	180119	542096	185251	304612	539306	806407	4362957	178386	4444262	288613	83563	4408423	183137	517545	309471	4417418	175698	189007	177040	142702	4217963	3924627	328972	341592	147182	334751	193370	328825	336528	2565100	192514	174170	195694	177047	353149	174892	193840	291781	147442	455746	1136347	299818	1654474	188990	308332	322604	187665	368418	344943	1105751	270244	335965	233993	190058	298387	192619	790026	272978	3693042	304568	610754	563572	295539	180191	335931	242741	296872	105976	528661	1656581	186043	194870	578206	268668	2627856	3150242	198930	588060	3598692	1743030	351833	525833	369182	183656	351063	270764	301862	759751	4324467	361375	194201	301062	301727	568016	4465471	193606	343577	358858	192461	172857	174588	347226	4407270	179426	1013316	2996799	292399	2927602	4468377	229808	290293	176833	3073955	316415	4329132	110682	242327	265992	1602805	184342	4299399	4430497	198270	326816	258179	303897	317099	1600780	529506	1105981	181698	293580	142182	3142130	524404	338487	310877	2183213	268462	170387	290304	194107	275216	175376	197146	264767	4407141	4476201	13999	3134492	331476	305437	185405	842594	301534	846141	173228	268333	355697	201079	308426	578155	268194	181452	300208	271804	198521	445575	296298	191516	2217384	4326084	367813	186324	661924	4439468	272164	290632	336866	514124	212481	132359	4468809	1544606	3874253	520439	182097	273967	275984	150056	2046330	136044	4398453	531888	184083	4327629	173811	367312	349624	186430	295951	583584	174153	194899	295153	313603	144949	203970	301585	4459940	178642	368462	2987632	276158	330352	271477	289304	4296778	175358	2571975	272764	4325261	4144205	272149	189081	4395613	2148365	297708	185158	273681	197661	173917	26279	182947	185588	242805	270153	332778	4343184	349546	563998	353292	537661	336614	3540120	144492	291303	323090	195034	181291	238854	110046	189916	193037	175007	357412	191038	321902	2170536	335521	351062	310118	214295	164071	4303991	543614	296680	4459160	268084	349971	525707	4083239	262809	338290	349485	330458	133732	542666	199245	175635	296062	175642	327596	311469	241483	289493	180442	91486	4368484	49854	263687	319203	273118	181529	249115	191277	188008	4310448	173996	833390	187591	180099	270111	2951780	172161	588513	265018	3907189	293511	805066	303224	1816549	341213	176334	189987	195012	179613	333300	24175	4449106	298105	262308	301276	294710	276531	170248	185486	4030287	527327	181573	304850	185190	192182	233103	533469	361476	329703	274136	335632	174471	188432	273036	177137	320378	4318125	36611	578995	342774	4451906	185396	188856	1662644	141667	179362	346771	195941	4405106	290514	196526	309480	196165	4447605	174782	186385	40768	330757	2965639	130289	875709	259388	188930	195788	196748	983033	255603	190226	4459279	101400	4473977	271762	817183	345172	197004	3195500	546406	1743136	289091	270513	315388	178018	197695	231169	301406	515279	341427	292753	290405	1922098	305750	302683	802883	2391105	164662	345536	589234	181193	196253	311749	4383092	508767	3244989	196862	197589	180911	189288	4415173	4318245	4418173	176954	322215	363494	291535	592860	562038	517318	104551	190325	344133	16340	4450759	4359214	185062	290141	299665	268183	313336	3069023	141010	189324	187219	574689	105921	1877796	181718	290300	261265	180042	198511	295804	462585	4352768	95195	308872	517172	4478393	557780	339992	150162	132165	148473	182630	140502	4362337	192368	3818299	4337199	190653	219309	292745	572072	263820	186131	572067	2552942	545473	342777	295023	669005	188266	332584	334956	328466	197157	110723	304606	197326	347908	298714	265301	859619	187262	355196	189647	3244992	3857426	296516	297577	174496	175751	176806	195175	510622	3550461	188695	4396426	195271	176203	2816607	320055	351623	329746	299184	183107	310574	135704	299985	269803	182428	323829	176469	178308	329597	197600	363127	274771	273741	524515	924298	262961	183886	345709	272482	178708	195774	361556	272608	209361	4380039	165318	177001	192093	264345	575261	875224	211212	3055324	1120222	181572	2373262	195691	332698	325636	194896	274694	266421	522863	535601	3757252	4348264	296902	199674	523782	190659	320066	287387	199122	194942	318766	327336	272742	315693	196054	260752	299741	183045	4155393	300103	586290	302426	187235	2307695	526902	296042	570367	367092	335301	2210025	320856	180638	349401	4445588	295417	197762	4471525	195792	4349261	312588	196212	277179	519680	1743216	23277	193089	196252	4337689	305152	4338684	110196	266520	4008606	263933	183267	4412103	182463	267406	189205	289788	198450	296278	184592	592365	186381	271533	198071	274836	4451899	4457605	303341	334427	457371	337538	174680	188078	369090	520643	3849736	274828	303153	194994	584736	270612	520081	36330	189331	296099	184248	185084	300517	197307	165266	340690	178627	352202	468313	100198	212106	311704	2549971	340176	333951	3272764	355344	183576	271045	198945	194079	147741	4407336	191077	197460	262724	585238	183362	549603	1113289	518748	3868447	198399	177230	190075	2652241	275349	679745	185354	296697	266583	314323	370809	526256	172624	183075	105659	4452107	189299	366797	289636	316747	295854	184178	183893	261277	309161	672919	175036	4254528	3040024	247023	192767	194599	4343709	194087	186255	842291	317048	263142	182377	179796	337495	1586645	4341205	840795	259434	529921	180216	287589	275143	287951	1753923	351388	2123717	1836848	4345268	4447552	357312	4355086	190874	196802	512903	518287	4456027	2564727	4340745	2688035	1868703	272076	4416570	194903	151483	311050	190107	175704	4316569	168071	514282	532795	182331	262766	3730265	4458576	148353	255980	454363	113928	179727	2688034	250378	790663	188077	4087649	157470	289809	847135	186997	3430932	185864	3857424	319196	110635	300136	4212517	173851	188023	110817	192983	700298	113610	3892207	181792	191657	339695	338069	172640	178764	328207	3190727	360504	295494	294370	199091	188057	174473	4412106	4089774	174299	522107	192952	267024	287580	98297	235643	185937	3302831	344108	361864	570020	192415	517583	581549	4304867	290135	92144	2346777	4268506	4414242	264398	291596	344726	369768	290030	298670	4366523	176604	298254	323747	3301187	22771	21881	178012	4448250	144333	183839	299902	13988	3409154	190441	4431230	528955	269672	104740	196990	174184	187196	337729	337141	333807	296302	189679	4351590	367142	299898	4453304	162491	4466103	3765811	352840	2008361	311737	275975	287619	288168	326749	185594	334573	298788	162811	409786	161135	4325067	187511	4437364	252823	319454	190361	583633	309220	298636	275899	324524	298446	364034	176014	188018	318059	4339001	237090	52106	190965	101936	322569	290640	135374	358483	584137	544896	178452	262272	4453627	4413903	77371	287689	2497035	293342	133843	81593	238803	278059	514533	298031	4232047	184030	315974	150370	298374	291950	550883	743911	95910	192641	274148	4474217	192009	254846	195808	293232	195759	819404	134065	131024	4469662	1110766	271983	183970	1624460	593301	25534	181368	327017	4351107	4434073	4377366	198176	177930	290769	522135	191913	304230	356148	193476	191531	289175	3979134	189690	301306	146055	183698	195865	195805	207332	178094	264166	170031	260346	271579	213896	3563387	4472399	297982	273385	264572	4483391	183555	4444230	177473	186052	1677528	177822	4426877	326113	919158	4317113	2128807	3424669	795046	192364	347653	4481195	195885	275580	195674	289121	3825769	181111	174911	72630	299059	527745	341180	193230	178043	308055	180401	4331364	4387246	145498	135632	590951	106235	194761	182753	252805	77674	291794	180366	178746	2170530	184484	318695	2938041	1019594	261419	342429	269322	331965	162898	264009	269161	355102	186687	347655	189648	271152	346559	143496	4450064	4419979	3994828	321214	346648	350363	334870	4407387	333564	302455	178122	274176	195550	274965	177626	298562	273376	322505	163539	195599	190485	183738	174008	149725	320912	293975	322138	2544963	821722	185777	189292	291938	147987	176321	316080	189539	1076818	739169	183804	346185	197120	4459388	3910241	72420	4435436	336542	4452051	318990	178864	810788	4245940	151675	289469	297480	4314596	193477	316497	267478	347460	563803	187251	323271	557646	313787	261334	179107	517662	182233	2137077	333753	146086	180999	343906	288682	358712	556508	258453	3408568	260375	312217	3711749	99720	182011	183147	291591	268108	575003	34413	4334624	278392	341089	521913	526468	184037	260553	187572	1142439	300036	314646	4379143	297141	846477	182940	563161	323862	786449	175175	4311533	310409	40649	577206	265011	3203801	266247	749798	3732048	165241	183438	270268	277790	4440481	298850	4443172	570646	273348	296052	353775	4421998	293389	178822	4435496	188648	329856	2064265	2854740	347860	184465	317818	529889	180466	142879	132892	1087825	592086	274913	1106550	316946	552353	4371463	182116	519979	879327	2740201	4464065	180993	300910	192389	197043	4438139	290281	3486521	189860	170504	184151	194962	199455	299261
k__Bacteria; p__Firmicutes; c__Clostridia; o__Clostridiales; f__Lachnospiraceae; g__Dorea; s__	288955	180227	253380	288941	167187	297733	348622	178332	4396073	3767933	4412863	4374204	4008139	517797	4449427	196508	4433417	300405	174383	182889	269327	4438078	298557	305329	290468	193876	294353	291784	185834	4341683	2256432	179151	4422656	318446	4374302	3244671	4354582	337252	189396	3458757	320468	130103	181871	313086	293600	181600	339834	3221787	3392840	310608	187812	1109297	322137	323794	196660	363064	564188	332500	1557179	305313	1109860	188321	526982	302395	181167	369017	292216	179014	185988	839545	171718	1105552	2427521	659361	583500	290101	337735	4471245	353791	4351007	4346568	3998460	293869	834840	343047	190948	4366728	291426	230232	177758	2789595	301708	4436046	523542	3204945	183855	4311535	591399	191608	355154	307217	1856435	513405	3150722	196286	193509	4242681	320430	180577	4193466	593369	325098	301493	2957436	4480529	4342655	176980	180386	176877	185668	4395677	321253	177637	909065	4089776	510780	4225004	195081	181990	325384	303180	179865	4470603	511008	344114	175960	188527	578053	3172379	190185	589657	342110	4185337	653954	3185810	3301064	192071	187505	181233	4237152	179319	4421128	179563	290033	296010	167741	844359	2607212	513344	188818	195999	4373873	2548159	4437917	176956	290548	193444	4331357	265563	4411486	193364	193235	3096648	185692	724472	187338	297641	182656	197050	292073	166637	337550	3409363	340025	4324489	1877675	182653	293177	175050	2417189	3205714	2499530	180813	105411	182416	182305	2555599	4391326	297917	1109293	2545820	4354450	586019	333580	1601633	327642	1760821	4453343	349789	3222218	321610	4470430	4328199	515387	4464445	291387	77458	185281	3680006	294022	353688	1667433	297150	303444	310492	303006	192396	338926	278931	189667	197426	144395	196711	345846	4463030	527909	197867	4383093	364175	363321	4178726	400739	574290	325181	185603	3673770	4451907	4366525	2072274	310380	115049	178616	367535	197765	38415	3692427	592933	4363553	4357353	623471	258717	189559	196176	3794053	4424111	308338	4470810	2129166	180341	2354022	363232	300267	4476751	3981288	349343	2992128	297454	178206	175978	4390342	839200	4341680	264437	4449633	303037	577406	317646	343699	297182	45623	4288419	302553	24546	409686	357020
k__Bacteria; p__Firmicutes; c__Clostridia; o__Clostridiales; f__Ruminococcaceae; g__Oscillospira; s__	268475	340194	4404461	199445	510162	708190	4334618	359120	4437359	188862	258725	319541	204093	176836	446135	271689	190658	297111	333768	332608	182033	263165	274083	359563	334699	198967	319798	306699	1010876	627429	4357315	311718	313422	821989	158222	811453	306778	401384	838685	187709	115035	309302	849110	307238	260741	302641	4351228	4484382	535399	4330852	192058	309350	131039	334339	230725	358001	335550	158027	569826	212686	304427	262024	317633	347991	190518	272192	1504042	146586	265182	179149	272188	1569569	193310	295879	316925	2792266	515554	1110378	306315	337727	527032	271563	259884	407963	272595	2663629	4446120	581265	264585	461795	548032	308136	4448052	369389	4386437	581933	196553	168716	277204	520931	356187	3903651	256449	275616	260842	178959	4466382	209337	276404	589076	198194	51323	356055	269401	162005	3841096	324326	322464	3302039	1026524	390497	264785	261337	343030	177109	4425256	324214	180659	304131	274335	304973	2363623	269243	166226	263403	579244	315985	247557	4314257	4078527	189733	172403	291571	266841	353131	845272	187807	3383663	4317896	292962	176566	196831	206513	197988	369097	213885	345913	278758	266255	210946	2318202	193006	276985	66188	4410988	157772	180879	349783	232072	275511	266153	329790	539820	2307779	580270	261894	263106	270993	184569	647215	182420	180136	199337	276386	195583	191558	338887	175241	185042	531339	514192	354144	291348	180468	40149	196991	364341	327116	543553	109481	532922	288496	300374	272265	4421273	349798	95502	301032	310945	175898	2781880	188316	520720	264093	350404	519763	627932	193567	269172	179547	263839	839964	422283	191445	321825	274815	270866	192557	297385	4406061	183162	308523	1845355	308759	259504	262677	549950	327808	2455488	272576	322258	289306	229683	372146	192930	190380	367176	554372	299820	574122	260753	1844553	179116	43950	183453	1105687	4408801	296424	274297	163153	349204	263546	182600	158719	175939	345717	323403	848915	338348	4352875	295344	264429	4352000	145924	180235	114348	308495	233191	312719	331103	2963281	263203	4430498	157162	529796	300851	258728	3257594	356632	300486	4296701	316006	270519	271490	250784	306091	270303	321628	271672	209712	452014	334215	334935	270385	264101	98332	578537	275423	334797	268596	303279	158183	316360	655793	347690	313191	185125	258995	240271	177867	310886	333189	349238	2203165	338796	180975	272004	567974	204126	381694	260931	98048	165046	272834	181333	272953	2932557	4474760	345582	341969	341902	265483	258946	313274	210292	353155	581079	326486	348009	264941	366143	585073	304668	585227	276522	196194	167034	178852	842786	175377	157791	194692	181084	3568684	269145	259271	194425	321484	174441	408513	278609	320835	106786	191754	526665	175922	207252	336810	850641	183545	4453976	186460	4364237	327685	4356307	189884	4426249	1737536	316381	373909	522699	514640	312269	4378908	197463	191816	182244	265932	231028	188658	177113	544996	186194	4336750	4433878	300491	275288	300619	510070	341004	719811	167509	328905	257881	181062	1112762	300457	262611	312455	183675	197099	229958	4431292	193471	290253	312515	533847	190676	228787	3302038	2978122	373923	158722	191270	346686	298163	832558	276996	387615	320249	339988	4366089	4343528	195047	314582	194665	4418700	4434203	261209	4420206	362793	259506	179354	269814	260215	277588	289426	275476	175138	268706	270059	2196877	355450	110192	269019	264764	548692	548686	564334	288075	514299	845900	335097	182269	197890	268725	338133	175336	273724	278667	523712	370046	365536	2923307	176104	306528	4312071	113111	522414	350256	335330	4296218	439880	4335302	397363	420168	36503	277388	554912	1921818	297045	4403349	309290	192664	4372523	307608	330333	443620	187409	183985	267612	199422	209327	158598	187267	263744	189057	304777	316428	185724	189406	195933	3195723	232975	196191	176118	191222	805672	263337	4362724	311859	168509	129401
k__Bacteria; p__Firmicutes; c__Clostridia; o__Clostridiales; f__Clostridiaceae; g__Clostridium; s__	1124194	177161	4374194	717978	4452219	4451400	2733439	4400159	707087	4478898	3145564	36004	190766	199694	132114	199568	562728	290974	1127537	334222	140091	1113307	327629	179930	671497	3646433	1124627	95300	847142	104154	664467	4396244	4411108	296837	4357657	779527	4355364	4320643	278640	166896	314402	631218	585365	177051	197807	777927	783808	275472	986513	1131503	3168623	319981	4448061	4074529	1055222	3716793	4467135	823920	345397	821916	218549	637199	3041208	543895	4400691	3641384	1140978	4418245	16138	183534	173715	178657	569073	762190	16164	256251	574742	580518	822384	3931537	223000	811589	335564	343663	1838560	511006	79436	178584	148044	221124	878843	353173	824055	327298	254651	2328237	1796774	587789	4342297	4450258	310954	4355695	2094567	331537	517890	239771	4435926	300594	1105696	4009970	300497	558387	520369	593302	582154	224110	4460263	3438268	1140421	298776	559557	363389	3879697	4420852	218248	1148153	306035	3876673	4465124	174688	4434024	2773831	329360	349144	1058815	263036	992327	222214	217875	542995	81682	1133341	584767	171367	296420	550225	214409	508984	4321088	65412	24217	571847	300250	2349459	317869	1136403	622303	292299	275556	4398051	652820	2840201	114599	353470	2055059	316267	530061	754703	1115481	4426769	309030	3016540	236740	60611	316964	333465	297379	301449	4450534	4364968	314053	290251	90396	4419504	2008096	1620989	1105928	1131000	2716602	364085	137816	99206	605664	563796	2092172	4229176	4415750	2945418	2950552	1846390	196632	317533	310284	248695	529491	514825	4467050	1110668	2517611	22115	295343	4449409	838401	4434454	4391432	98939	4463295	97301	249129	252720	178370	4460833	305869	340111	1134603	4410299	4458038	584517	4363246	4392041	3113339	1118047	4421619	105538	4381471	1142329	293937	4372980	341912	333050	4299394	727450	322130	4394308	1063126	16114	1105343	4309137	4427090	181849	141385	535323	74480	74679	3483093	2403236	4428434	111154	4319576	509371	4466385	4332923	317211	320863	108500	323115	310354	555882	1135394	302631	833431	321122	293470	186289	296900	829456	572576	320957	551963	4419388	36705	192893	2792258	4377809	302257	832846	94261	3434021	815571	338702	4463765	3734844	4295877	549161	315382	520726	225687	751490	522840	233716	4308496	325443	4295480	199034	2917808	810936	278629	2390604	239863	4452146	102184	311306	174497	354540	702681	2971192	3264213	289992	4036272	330714	226626	305288	341078	354798	4352349	317288	114917	180328	152453	757903	4336516	1965636	4404326	334864	4122608	1763287	220242	334592	276491	4326080	104893	940592	4331121	4405515	559286	187668	308665	308696	4386593	563668	1139140	345411	306413	70302	4357658	1118166	350153	350668	1596739	343679	354054	1047886	16121	1937177	302614	1009427	533504	109616	333348	4430043	354563	81208	337030	578908	16159	1636411	4313858	1870447	593925	138271	1121582	820612	547156	786116	300225	555688	297378	309658	587252	515511	300487	4384113	4418690	345282	4355334	1126584	309894	303990	242157	342350	352427	4483035	300512	260303	4423008	1585090	1127530	329073	245625	568536	571639	192377	714794	735222	563768	344288	1129934	3438276	296040	1632389	338273	4361049	199388	45074	593216	315220	4320574	295978	171906	53929	4364416	837039	3890930	4479802	245329	4463040	1129865	4448928	818777	688831	97792	744835	102321	794487	103699	101967	16185	4404372	151902	547395	4448097	329895	4337776	114585	4473033	2167419	4360776	296188	4432520	248489	1128945	114950	742309	3892768	249936	318332	335568	668499	4059528	366781	238697	625671	271116	297095	4452700	4459634	234031	4452842	4435255	3799792	1112027	2702263	175234	332731	60609	4374928	2112530	300829	106141	2869166	357529	1122149	554797	4295873	3926870	259220	69664	224769	4352244	549355	259603	3935337	1130771	235424	26704	174516	3874742	3105082	221617	320526	2670715	4449709	1855954	762854	591223	3892774	225316	799573	16186	341023	3759020	541276	42636	4438947	3811416	933007	4369287	252144	904668	1106323	293824	311207	2263183	350467	218257	545324	4381111	150472	340502	4296612	110319	523078	1127323	307646	4316042	97568	255339	560705	4193309	804119	3156619	309301	301816	3195854	2296373	70947	349695	562096	553253	542034	180403	344080	4298398	104466	302632	176470	4458041	2217385	327350	4343196	889125	314480	186389	4445673	180674	590008	215963	104248	555562	332292	1632380	308337	838429	541432	3538707	586263	4314124	193831	326991	514242	555553	16115	2850749	534780	4452634	309099	1043082	27881	224105	193894	581463	640693	558420	103132	328083	585869	164182	297093	429862	4456143	4300917	292257	576965	317892	3552067	325268	216349	321963	315683	295330	75821	1106362	2273298	741139	2841538	261251	4369255	3145540	590450	4452632	540856	693877	2077440	100140	4295798	225132	4472321	766351	561587	213313	4401045	307204	316571	4444956	312874	4468739	1133954	306412	4451482	195143	202934	4353660	2397260	4413539	253066	324315	540546	106334	592317	317847	575988	1733342	4401902	546619	1015028	181160	1123615	4481344	4413223	143573	4380971	791998	1142534	4475399	167821	274177	234912	271289	529116	353862	4362545	294429
k__Bacteria; p__Proteobacteria; c__Gammaproteobacteria; o__Enterobacteriales; f__Enterobacteriaceae; g__Providencia; s__	10212	1129328	4484466	825989	609704	1122622	4345333	300729	550960	592303	4311115	234148	2654261	10211
k__Bacteria; p__Firmicutes; c__Clostridia; o__Clostridiales; f__Clostridiaceae; g__Clostridium; s__hiranonis	582379	352473	4405903	326430	1960569	311402	4070491	345246	197510	290314	351084	4305463	298980	314749	4414489	302610	347131	309107	294099	356403
k__Bacteria; p__Firmicutes; c__Clostridia; o__Clostridiales; f__Ruminococcaceae; g__; s__	770920	366633	288215	190171	2070932	291828	348703	327218	292243	198285	260414	4295035	3376484	262632	324456	4432234	191780	343143	4385967	294812	538805	194443	4440297	395587	186272	335719	346119	4365940	301015	263977	259275	193850	1817731	184426	291111	176765	327573	355510	641783	313816	339914	4073431	815913	200879	311371	518060	4483266	265036	549499	302204	336638	201203	569017	4374112	561716	177561	329668	326609	1110253	2498734	684238	348617	178121	4467491	185542	4430891	315268	338111	4338990	4365209	333352	289754	183932	180123	334705	244120	193572	4480359	96534	188707	328313	173815	2872164	197324	4469517	344465	180179	999898	267223	554055	564941	363997	162736	335120	356357	2855173	176967	295128	189674	543141	165935	186011	46910	315589	4295909	268811	4387469	186081	178299	135427	358639	299732	615455	294905	184795	77791	191990	198814	193873	4477796	4314397	180182	300260	314421	111019	188533	300860	552448	313908	4471158	289327	1537705	263184	4317006	227622	178888	277933	151144	155059	324975	175148	215509	343140	4176818	135453	342356	4459846	191241	363454	321228	4447372	327969	325883	4473246	318063	343831	195721	518881	4410538	198649	45610	554303	176337	216140	111404	265090	181931	327818	289973	197186	288847	2733438	409304	524313	291790	230370	517405	1828413	307680	175545	4360216	189898	275197	161343	348182	510524	342022	563490	1105016	4465654	3865513	268962	319262	196349	585652	594265	515953	197442	316182	336692	762699	4319108	210371	4299396	336513	558599	2052289	301028	214886	299992	132457	571165	166515	193101	304466	4315783	576712	413275	307291	185915	344111	197288	131553	189309	4303553	150308	336691	258203	322004	538145	668513	193098	193644	870421	4326806	2819968	191493	293254	301548	323001	558397	325842	315852	516126	313968	321960	99793	797183	186143	2066056	581609	305250	181234	523910	179325	272788	382998	327776	130048	581085	161992	321619	175232	266715	4370362	300620	314008	112758	187883	193950	519246	105287	361811	850841	295258	4378907	177188	341271	297065	173987	158846	170262	330252	27355	356536	347146	146950	334701	130763	287593	190220	277652	175836	273850	183715	136404	317286	4427404	524928	176753	4102199	564645	4435308	4381555	827794	295767	194626	551773	195743	4338342	324820	207816	157455	328928	303753	107450	275159	355728	434089	288198	293092	22352	182911	4473245	197864	4473744	289208	254488	2743133	234651	4377709	354461	462727	513532	580121	329112	4380781	334336	540055	291648	175910	180661	177697	248492	293477	179290	289653	554560	354890	309524	769852	302600	4332428	331046	224826	4333648	352999	4426438	134174	4449280	350910	181986	180721	305860	291982	269156	727946	4404830	4391678	303137	332831	4438999	377756	181984	351095	186248	3249874	579149	3270612	4389163	289774	4309133	359720	298700	512013	291011	311566	347640	262631	365145	297969	356245	290005	4412546	316760	2651336	311684	4346687	1047212	346657	208022	523481	189445	327292	292906	528725	109978	4416952	327176	197540	317598	588065	4311039	2863190	332742	145304	311464	569824	591805	265793	3412718	540682	4377211	1126373	319791	297799	347085	173874	318594	302333	3390534	181914	267505	567518	110128	4343226	269360	4415760	296633	1796931	192438	351200	787780	520385	1115958	291211	261799	351869	2475156	300041	180528	4409661	318496	719058	179583	326940	15976	427159	295145	4412828	318163	525763	199460	186640	582101	182920	316029	267041	583572	366722	4427405	328429	4070490	2360869	182617	322380	214519	37295	156505	4340153	185940	134466	230933	185995	793109	4469490	179486	349963	172233	363477	4438568	270433	298141	4446669	335041	351126	183139	521230	455805	291333	319316	113924	3319304	104439	48313	592857	174304	316521	198221	3262505	239644	291518	586562	3559869	354476	291117	293291	4411930	153341	205241	1896010	209492	222566	297437	4345624	517048	771181	189896	299012	341823	293655	4427290	355373	298812	320581	182044	200078	4322630	2056702	312833	839610	173942	4368675	351768	297070	178217	4299548	3577387	353330	131056	551955	4475861	196935	232658	1812215	158037	298695	618890	515362	353886	196494	174300	291017	171396	325706	845386	4405421	257774	4395462	543348	191908	298140	303900	359175	268151	199761	525436	548654	188054	180687	359650	221429	693491	3572025	509101	366352	327423	662917	180067	128297	261486	293575	182061	4329059	518055	827459	1107443	211744	320557	4483267	198053	546816	3507209	4437592	182915	189250	524848	4384438	190241	195756	198133	4429840	536518	198754	265386	323386	1035392	4306843	327655	197203	308419	312628	291054	184477	349459	191391	194130	289318	184142	688923	4401585	580305	350891	310171	4411898	185141	177660	261325	4381054	2506486	292637	307352	2349365	307839	197194	4090250	1716012	178845	303843	334839	318346	4421203	188725	341264	322999	375106	109977	2631111	172329	170640	4362584	340261	4463035	258389	588045	342571	300696	325657	517347	180462	4301121	176757	181748	4463569	190705	592004	196597	543168	182030	4312642	264646	352918	308182	187924	353057	344337	4387488	177342	277303	578409	335181	4434148	297930	572366	4356904	267718	291171	50120	323537	317112	554461	178485	567362	176785	193786	336468	191216	4356388	302835	183681	297133	289411	815158	337202	215269	185597	840376	4315674	199149	189248	195252	178799	4356697	297964	639293	4341679	192331	346705	1123492	849346	328212	1016598	344329	196017	4324040	4352760	299173	288810	194082	594119	299997	525371	975259	4315787	4392681	187998	4308666	590712	198839	515088	4453427	272630	291917	2855860	4447373	186168	4326236	331545	422293	4442774	592505	518444	4483264	4402679	4420116	190303	170555	232257	178342	363166	187404	293147	194526	274348	540274	4303234	4456462	534331	30872	181960	806742	4347266	304531	300408	181204	293621	299331	303140	206574	352182	182762	294596	822202	4425630	293578	530926	181221	355912	4346675	179585	2685349	310510	273714	531808	301547	573068	527425	182574	354275	296962	303584	175335	362078	299860	1579962	175633	574585	352347	3589405	352081	355909	174675	4309760	296437	333325	4355598	290465	4320014	510607	188872	3989107	184760	544859	15960	308278	340454	295333	346474	537452	304183	143423	4385096	155932	192818	198009	185113	308092	85903	537396	215468	305983	328391	299875	183051	843442	272021	198026	268556	183207	258099	193780	2597226	178497	349680	296649	550089	182595	354632	4385264	175184	4388835	594206	4396292	135452	292802	342947	205155	310601	355837	350619	338438	326645	168145	359445	308631	183869	352647	230031	3117364	161997	28809	187038	317065	4344421	4340076	265032	4027191	330899	4463575	340210	170926	1934291	3090891	355307	191928	182271	4298017	551562	311758	4437524	526413	290637	565288	303122	1146158	688800	293881	203545	109753	4472828	1501336	296686	589021	178713	181862	4336746	4380358	141809	572751	4335555	287826	530916	747563	4398440	183573	509723	179562	297278	186073	4407747	4434031	3746307	351536	367946	4339901	593692	233253	2280825	158458	4308517	370839	273648	304705	237438	178447	703321	307224	157966	108429	41245	174288	686748	359389	345944	187126	190523	157972	3138480	287384	341713	547114	186723	3155554	185568	578310	4440164	4392646	312625	336599	292493	433722	4153054	338781	319616	347758	349862	353620	293101	4449899	258899	185802	162867	183116	270264	4357146	294390	301984	204099	190332	4403505	193668	350681	4381548	192720	342213	4306460	197250	174493	331716	846464	191281	293473	820886	346761	318370	686768	176204	359984	812244	194875	533022	183829	185575	546958	803010	196309	184314	312192	3003844	300078	192485	4364405	751584	309799	199528	309070	540862	4362585	192912	295133	588890	110250	552035	326391	303244	292051	219633	4458043	296412	4384969	361398	539296	132303	546456	296731	186732	4453974	288583	199293	302287	725477	41628	4431231	566899	567229	4377970	3550973	257352	208927	269070	340484	3422630	839864	296556	305394	263044	520948	352728	324936	345313	195222	365220	96086	743075	193778	817062	197929	525914	297885	111277	4296616	295748	322895	331416	198563	292956	4374114	4309131	658077	550156	1116188	223318	4402751	185262	293085	365222	290663	4434027	3027156	313153	321127	327209	299893	327410	369014	183650	715492	4316667	245538	4484075	522602	519864	4366421	4363614	291963	232380	318569	288651	288839	4477661	166225	933051	149928	1986406	272513	290415	193657	194450	269285	4315788	324850	338407	4315786	300121	4414476	304796	299280	178977	530561	288079	519880	583256	180108	228391	98517	327058	180155	393504	298526	187386	274533	294548	45365	276656	355155	221978	300458	193139	328544	269985	16649	308498	291314	194672	114686	197874	174018	302616	2663626	3100758	513742	4267520	191606	310031	370154	196957	237134	4408503	188847	299123	353817	188317	179186	109491	175087	99242	183469	550674	213487	1787007	187150	307900	4305696	316882	297629	41287	289495	525681	301375	4316998	324020	4439469	110563	347791	184436	273737	307526	4152980	292167	315488	305396	266274	551793	808407	4449898	184339	303627	113430	327383	1073476	315202	182010	343742	4307671	3845864	721569	4399755	571808	195556	262944	292433	513685	321295	190312	272210	294246	289729	4300679	4431545	182431	318373	555595	177503	509433	339121	293534	267073	351898	334340	168054	324244	268410	3911841	301630	181483	157453	101572	299600	191829	296134	687175	318190	313601	265871	776708	183620	324815	3237449	309720	2814830	321019	191490	293727	288944	4308835	551902	568211	4435305	179487	192046	1143482	2054556	157033	236225	25695	4356468	319512	175962	195294	367217	335952	176401	177081	275061	184512	177898	307299	197237	4406574	184803	341138	197761	339252	297766	197430	4376327	291744	259120	518314	770714	183532	196210	550485	183592	187689	4456590	264114	4460680	288487	191616	4331263	574604	579293	292506	224436	662422	301192	198417	515552	850066	4473116	300887	191393	4220777	103145	184805	174840	158360	299881	316892	197179	365688	800795	635495	335224	300805	186104	697208	766113	287855	158950	2955375	349887	346455	4407737	311592	275218	4410804	312967	292127	183048	328277	446691	342836	334049	1790209	498743	4303852	368236	323326	320961	289035	887025	1679707	749151	843808	4078476	4449781	4368795	561133	319847	197144	191422	290222	98948	298877	350189	302102	296065	330645	4403506	299135	192419	199182	197970	609295	50218	192857	4473596	320207	4315186	582089	4299738	343238	4483269	308814	4318952	302273	158625	817995	294377	356387	349802	351451	997267	176582	185914	175520	570567	1105668	4303724	324658	343266	262484	392039	182321	194562	337468	142583	294105	179601	4378810	293818	333123	4176819	306633	35786	44184	33668	190251	580907	163430	183845	4301220	704264	178184	178042	4295783	187706	356405	183653	563537	212807	4448724	4365641	185164	578230	548161	77804	619140	3160513	576564	340066	182744	358143	306711	303164	300065	754070	269585	114208	1557272	311499	344804	290656	19080	414089	150278	205781	336890	819353	4439396	194534	524471	157837	294545	349348	586020	291906	211472	2940867	204629	4374116	583134	292171	4393499	525143	191161	510880	185583	276572	315779	297643	310762	178742	192784	648312	186345	397444	197499	194696	317135	301022	1112614	837859	514813	1129867	267451	554473	346918	196435	1062061	360995	720944	181174	4306038	4400704	812834	302706	195798	708401	331087	537959	295667	185066	4450291	289599	180121	323910	4466706	332780	180801	528441	311269	347159	514008	225110	288349	4458039	528782	278879	180610	535348	1657485	16559	198947	2242195	157081	189651	544734	4045886	296821	182756	197343	148352	289474	564267	1115464	295556	191792	315978	887662	354183	186876	307920	270393	4436183	207126	174730	4414656	199699	293289	524439	320831	4315782	239395	298804	740215	263252	535503	183071	178081	301382	176645	110836	353879	347358	311832	132657	347042	342489	273476	168068	36378	4314256	195406	4450088	528752	3514043	180846	319687	294126	536682	317012	187489	4309136	4314724	302503	212400	182674	311515	235978	306020	323903	291270	324322	655692	198888	94077	340940	784184	2771899	170185	332929	4314125	314935	114000	355334	360761	329399	579462	556244	291094	301722	158264	196307	398138	657266	337359	320402	306555	275543	508788	122896	287635	350367	317502	577372	332805	1922511	180702	168439	263881	195887	358410	316539	3544569	277186	295055	640055	195757	186020	569026	174818	634727	181349	212532	319506	189312	301733	215311	178078	1723034	300774	194584	590547	295743	3483092	287931	165928	302266	188192	317612	368412	296394	174885	251289	189630	134399	177211	192339	184990	232828	810893	188454	325539	291722	308158	188556	269681	543291	2283112	294692	269264	293447	294457	4332922	188225	4412526	344208	194320	331478	193171	571642	578740	2110420	335391	336063	4451744	301869	342128	194097	4298973	338935	4341684	3826120	180658	315064	193968	366794	592065	208919	3452642	844501	186463	185306	311163	297796	296113	348487	197111	786081	556422	341777	174749	4343844	339035	1043378	266720	813277	327704	1110191	301392	167514	274546	347722	736928	355959	351967	353868	111120	562919	971109	4312432	269611	97263	186448	195492	184309	342223	350924	4298022	296577	177893	180473	4308147	296941	197696	98740	320627	4389610	291206	194497	515324	197578	4403333	406604	1824289	40798	325292	299911	306041	198404	4442841	4378906	1908049	334831	177134	351927	328693	326444	517495	332430	4463868	177695	299755	277215	32177	190358	110945	3297757	183971	297496	1104908	186136	37423	317813	265958	304825	290570	197562	1066830	4370941	575844	341482	363881	291101	337161	109527	193827	3077160	542126	177070	185822	307144	4450214	180090	188348	819328	4296771	343812	292001	2238644	77723	185428	304757	193432	350503	4004993	2845201	523825	288128	592139	211066	4341534	179826	531867	40164	185936	30067	267739	356550	279534	288458	173863	302144	316642	105179	147100	340711	290002	308319	304075	265379	1119994	193722	292016	1117736	571083	194326	591475	4466275	288557	354334	179201	4423775	321135	210890	720093	2490977	4477062	515883	1599042	321063	355859	315463	175708	193915	181759	524111	328659	4336939	828198	314320	211191	302809	186521	190562	309809	345730	182890	298822	185136	837876	307139	351607	612406	183043	171547	298302	4335584	510233	310857	1111782	4356947	4410441	295046	316424	350143	634450	263180	1885089	172948	325558	354914	291630	312152	4335229	298556	345804	263607	330193	346524	574342	311947	4315789	187123	300628	518699	320972	295856	4413537	16033	288394	183093	844006	350121	180563	3573051	186913	188985	514405	614318	1965644	272213	188598	198904	847934	4315468	335018	162991	305434	323702	1022497	230118	262840	174943	289310	295012	809196	198170	652823	344101	674324	197521	175761	215855	389566	98091	353982	323299	2304539	187225	355120	322729	195494	113761	548176	3273469	157417	291996	297025	295981	302427	190453	191695	180220	4318319	184440	166206	195882	314377	323061	302834	318366	299833	816242	761968	712142	212228	313324	322194	298346	192749	4437130	196428	314186	180781	324620	4371295	536185	353625	356454	4467032	294993	568898	312882	559659	310850	293908	196982	335615	186956	144881	213084	293632	329390	203258	4314126	179961	314337	196742	292360	300186	313431	182577	303898	95995	539328	195950	174651	342518	262570	292426	366635	556214	180982	792436	989234	317749	290937	2847226	351773	310695	4318281	299407	383149	300417	295144	2301651	16030	4373062	659671	344272	273312	187741	185670	339294	298224	1141030	270363	335408	344747	262554	110986	181421	262563	304043	291272	207174	4450709	167256	290284	349052	743781	185046	540540	2943553	179260	307643	323050	741599	549310	297256	1107473	579159	4396298	113827	4318811	195270	287505	182837	539506	562797	181633	589530	313298	301682	1126577	4303212	186478	292801	343326	538374	190420	330285	323737	4304717	299556	328777	310902	293285	326452	182036	353553	1139313	328724	196322	546695	176856	587766	2990427	4478647	189138	158649	157888	869324	342788	4478646	172339	363856	110791	311383	187582	299081	4388431	1094991	3891581	300960	194322	194219	193161	186812	4315785	4357713	298072	4377704	114725	1790541	586208	198587	268765	196909	363035	135518	4457480	4464969	330287	579366	3374709	319411	299428	191075	301166	346253	349246	572461	195892	185068	345228	211750	259699	4318950	189387	293006	196518	358030	4088118	29495	617098	323481	1948073	321078	298995	4414820	262258	196482	3524537	302511	319996	176171	355355	320072	180713	111671	524706	302489	209928	4387771	308860	4234518	355922	205628	228972	313216	292585	3648820	759816	2647418	4314603	1579255	334617	303196	192563	198962	4341886	287724	4477911	133750	1133107	783291	1111580	193188	4333860	277299	2835813	182142	185610	190124	313992	366702	310261	302377	3386554	287452	175237	310633	192698	192086	196513	332830	97210	579500	302856	196844	199448	327823	182984	332423	526983	333085	298517	290808	1110104	312992	342940	289559	196787	185021	301410	269913	765240	187882	303703	349444	230421	187007	369843	516761	191651	517785	4353734	730906	4456607	346598	129761	2885978	197624	289818	158309	294748	332860	314438	135400	333333	195651	4325655	4300920	132253	300854	1145673	66186	194894	591818	158331	205765	4403504	293032	162730	289597	575559	353615	264955	299711	187835	805185	159709	333652	267905	192018	4408418	171674	355685	332803	26264	187790	189142	550807	302388	311764	145319	189924	515308	110161	288318	298616	196249	4373305	1579250	173920	300912	38344	668129	580521	4322751	520808	301325	2811010	571992	328915	192258	581201	300613	195415	188938	578642	350273	216557	519882	590765	2289806	262774	214317	4443295	335658	16032	297578	521792	308157	232222	224800	194372	4357714	343686	260804	195436	4320175	2877100	352908	260322	4324985	662124	179662	189828	718358	4240173	82466	322433	1978955	191332	302823	369637	4329686	191153	157652	178773	4404181	300074	4318313	301344	515774	190301	351005	4465284	289204	50158	297074	1561509	287544	709263	345353	306021	295952	151013	532384	272899	819267	198911	4434967	288779	148235	364653	179864	815993	288076	183720	584951	738351	193709	2263184	792399	3055959	1102370	176947	290833	329729	1121870	300763	205309	441494	297418	319693	4416557	298553	552251	339781	178353	313155	188676	352014	4302718	823903	209251	4369576	4458040	4430499	346600	196905	4455609	190155	194997	291445	191032	305182	289015	193240	4375889	228061	173869	314586	288420	335906	304580	266484	194478	194269	3911805	189235	331532	291875	327088	349019	555754	365383	195843	4439489	193008	799969	301386	591734	311707	300467	350300	176617	4299543	164242	3744858	311997	300681	230479	296456	335426	4304085	4094259	157631	307978	4415690	175795	191442	411710	4468892	3967377	319818	1132505	180285	336115	191278	4398588	194373	196590	288343	197204	157498	330665	16063	1133524	4303548	349451	324219	279306	296805	562681	342464	151267	303247	179200	184850	579868	182383	4326866	2595969	341221	1146014	515762	343719	4377703	316081	184282	4345515	4313881	338681	189443	198011	511180	539202	367304	269532	294467	4090248	349882	344615	3117366	342083	4465072	3599394	4314258	321706	4449894	345556	574793	2349208	516544	297798	724725	181827	183454	187000	184647	16034	259173	205934	843124	212619	298494	589989	300626	183385	706820	191180	104144	209845	593824	260547	312232	320768	819181	3740557	538322	341557	3738319	315215	317886	348561	537622	4390972	193053	112894	4306006	4407187	205747	334886	181480	3163165	219733	712388	188863	335516	172878	310145	350373	294363	335268	3824086	715152	345422	548753	196458	209475	288331	328554	182243	178904	293134	322719	332185	543801	4336149	3406109	590995	3807411	177913	289554	581099	1111350	1593129	313452	4310645	3931048	296023	301979	4431980	342510	344906	182224	4037079	346370	557051	4310677	581207	562443	102910	190490	885437	4338227	316996	2196986	198753	4412541	109933	339504	48084	105514	292103	4342776	710339	185203	194686	157382	550979	178972	3033680	187917	192370	296061	338049	526794	197782	298423	177100	338198	195496	718320	195840	185090	177379	1579251	362948	538302	4319807	98511	2447818	4381154	322508	298728	315379	272428	183654	194036	4304089	178957	4449495	192347	528722	16057	179402	334292	191449	181161	21195	4372973	297547	184980	515004	189764	196713	561607	4439487	667184	4303850	558991	325633	4469167	276561	4407401	834677	295871	2997866	341263	191541	166689	267926	189356	1130573	187272	287413	314189	350979	4398028	291045	192323	350502	331472	1046979	547348	315396	266223	328827	298036	260859	301182	335203	191884	187780	231405	4430383	294360	180548	300301	298457	178015	175373	234724	4450672	183827	267689	4434657	4377144	181882	288614	182163	251970	305275	590062	4333513	2917946	197080	199218	215193	1141681	303213	342487	290635	298627	4056429	571178	249055	180995	4404328	350991	342716	354612	330469	110060	587360	758482	256835	2699610	2700883	309150	4414657	187617	3350575	299526	191399	1920833	344025	191553	290399	355945	358781	352601	194287	512919	177567	558444	4300690	579843	291248	182129	4484290	301161	197750	2280824	192848	110824	307022	318957	187180	185391	186963	4336491	322360	4448022	196035	317993	299326	16062	141535	135577	338374	185286	4363453	4454498	198910	269418	186881	289467	361683	177663	560479	189524	369827	194264	318959	322278	345763	4423553	4333654	262580	25461	184214	560535	196736	289917	227565	215231	314914	324571	4472195	293831	4468332	343482	311230	4480842	326144	709056	188971	349656	331923	664795	2439770	299201	4357148	303320	325958	287531	312247	95424	198757	575553	2124793	586525	334267	194488	273552	301833	185584	563228	335762	165346	1049945	42458	4366228	346556	4333731	290480	587064	4420081	110725	345118	341024	103744	211907	556452	334044	584524	177132	335816	341272	359581	4385889	325621	181603	188044	175828	1579256	1131374	4426962	698676	186118	582502	190646	302165	144522	272319	4451116	2229500	311291	179692	511072	527837	324157	545836	195619	3236435	293260	179358	609513	195350	2263797	4317035	4306729	530123	180771	586745	354517	179095	198618	309006	182184	1579254	306046	4470802	177011	209334	329191	331659	553825	290645	233623	694337	287977	4308037	330451	350208	182089	193679	337772	196918	271933	176507	354781	319111	303275	208769	183439	617806	291202	298624	197095	3732399	21306	339566	4338863	304347	1144664	583116	958505	4306783	261132	330578	211458	1101434	192406	315439	381219	326926	527238	4395418	2037711	1123426	193678	198941	510295	370086	182647	311446	296094	287998	291263	326785	102424	347413	276620	334096	291637	2223978	758280	4453973	181611	149552	2867949	325353	183686	4307330	327073	259920	197164	292062	268828	142277	294311	317677	300611	268865	198031	4339317	174443	291949	78001	244484	114400	367213	297613	4428675	360808	532875	291830	199307	4288931	4470511	294501	807046	336356	3940412	302160	266552	26978	4378880	333205	2595967	299399	316144	303648	309745	313469	189760	174752	289958	334216	296496	4380450	4349946	300253	1105454	295828	4446739	318890	674742	318369	278901	182186	111800	2038096	188764	244510	369416	189899	554463	179663	332507	2018038	187504	134357	4190106	297617	196815	288814	315873	389529	273388	1120626	523244	845444	1922530	535469	4311041	4453975	77496	184387	196139	176057	266556	555114	356360	193865	189645	293546	349254	697548	48325	346720	312619	328098	324894	523499	3882606	181938	266371	356075	3458185	333820	198826	309586	155577	199283	189840	336575	173810	4303849	287790	312766	44151	345952	292688	333216	348358	187389	333457	671672	2411212	196106	4356491	593709	248812	262007	359359	301013	199047	298717	343815	366376	180708	346316	590513	349437	4452761	2113132	316845	199226	276761	1119424	2145690	292816	4345516	292814	297014	153096	185923	4466135	4341119	138124	307984	361266	299441	580383	292575	313800	579541	2219040	313870	187607	343688	529083	194471	4311537	302300	1135895	292152	276044	303394	16925	4422481	336931	311370	322282	176994	19611	178541	201101	191582	194567	291854	297116	4313096	194215	577614	335670	315903	3851578	301891	323906	185787	16001	369109	4394328	576713	298316	195102	297318	4413888	330345	295095	182797	318553	322711	313524	4423550	356167	4358980	184084	560325	300870	158569	828884	392918	584684	4315790	214857	311959	1135520	311582	552852	612308	314996	1691506	4357147	175630	333616	187264	128200	180941	4322125	350351	175753	190114	111028	4367336	689727	555101	339890	4413581	299759	289904	181826	205962	313178	362057	33112	288950	334323	296141	310518	344527	192262	183460	586517	4373185	345871	198248	174487	583328	306755	335757	114242	343709	196898	515498	1820776	179482	4419390	349854	161109	287496	565390	216710	305146	302207	359788	354430	288212	320483	353322	4176817	4385647	362854	4480841	181155	324354	184971	2148689	291543	332241	178571	344259	188259	316911	290983	3443119	137749	350036	181754	4457884	297792	348406	350402	185622	291266	190668	346804	181329	324328	806751	550456	339064	1633194	745431	294747	183885	4296879	320321	4304087	290957	548796	187469	178675	329808	4446740	198151	308544	648559	213870	288362	296850	191148	4427541	4304953	353088	531238	194654	4315784	554931	345176	194735	195214	338156	4370257	336486	184287	185814	459917	4306004	258550	147964	338028	194995	3012152	341724	176060	179841	301195	346669	99175	192945	3806695	292242	268425	191068	566155	328671	318278	266682	301818	314433	314277	810759	4396250	760544	3530697	109841	4409280	193348	111237	299695	1110008	538658	175550	185506	369079	300394	313453	304161	178438	4302439	186321	142183	304416	111066	184114	183703	367864	309361	194831	578147	4302396	189816	188747	77360	293025	564320	538279	289938	697604	190649	216747	178242	318348	191872	174301	318876	16046	327034	291838	186062	332202	431235	271290	189684	308706	326543	331737	4442282	193895	3265227	194951	333363	158742	326265	186139	294405	158836	304239	360946	192722	1024420	363511	186886	4303856	175585	187401	165257	762333	273223	3032725	336696	591548	175497	301280	186559	308843	276511	145883	4326225	450576	293471	4356062	196746	520840	4468466	149188	151400	2318217	579561	198198	186772	319400	220174	4315398	342543	318296	4318195	297237	290322	4342690	1884913	332349	191555	275319	174901	4370569	181940	356394	161902	319450	592287	1135364	4412540	4375640	197418	438128	552456	314755	338232	352497	2686191	290532	215697	312347	354741	594422	579278	235212	192496	128058	306896	175298	328523	325910
k__Bacteria; p__Firmicutes; c__Clostridia; o__Clostridiales; f__Ruminococcaceae; g__Ruminococcus; s__	187133	180857	797704	28258	4425254	806182	331863	349100	268720	179573	194297	287907	185392	197943	291360	364527	146554	163243	301678	1125298	106698	287608	813975	819081	355776	361702	323501	340680	227697	199368	186350	319681	334148	344523	813729	147969	811738	316436	716984	187181	4331723	4326091	269531	169600	525280	4357223	369797	187223	310786	297875	207994	323265	229455	331382	267042	4404413	307781	519162	333096	182008	537708	369555	25396	335955	4326132	367542	514028	527195	324482	298535	514059	3015509	188001	362342	180381	588624	362765	198848	167166	818452	338640	299599	148925	4315474	279659	569110	608244	179572	195982	333702	309929	4299398	187400	322527	1756253	265940	183186	580976	317908	622256	178117	4315471	525377	523140	2315700	3409358	4354081	194101	4460021	192654	4303851	175143	530928	4307829	77443	223059	1068836	178859	111267	110562	163800	4427459	349431	351960	355203	174924	205159	562408	340060	278506	372348	590595	827592	272277	177623	294289	771824	231469	328625	629486	320876	322552	548385	167502	4477017	325085	186133	806422	16077	811667	176750	4335262	111753	2978254	4461762	808025	509788	170950	4386976	216004	353632	340794	4296216	314743	574421	315648	94758	319899	357261	319521	300143	29029	298325	323135	327891	532187	4483001	191874	3578640	331086	1121455	195429	788682	317948	189110	193165	352512	262668	823517	348085	264978	183245	42839	820102	576919	571242	559848	95503	4380666	336736	591635	760263	189116	1654480	3589845	318928	349053	327387	575519	290442	162660	194816	525082	189011	517087	4303855	263272	548621	315200	190362	4436321	274569	95256	232417	199640	970805	616067	4451215	564026	231021	270030	278098	189867	293178	193906	184845	322931	181035	261924	4331288	2979308	4391412	341489	311120	4115290	4371724	300435	404691	547479	344412	4359525	275925	177593	321251	184115	4346469	185175	4476065	174614	268693	192598	4414237	320587	299680	269378	347335	462832	198062	316627	515751	177677	196061	194324	136789	351663	342683	238487	324104	182034	304728	354318	562583	194947	518384	265985	180130	356745	512314	4472091	193755	347624	258404	4316063	4460560	199335	592372	179927	365965	515234	31763	177727	204705	279431	313854	299017	186578	178151	405780	333846	193609	362991	196951	312665	312682	113003	289882	760594	528758	107009	180738	177800	171079	268971	4387181	181016	1123070	356011	24162	210095	292148	4356398	298385	338910	194399	365810	176167	306980	363646	274795	199543	267452	193336	326348	228199	326479	512114	560753	196112	4443143	297087	4414821	359950	307448	195635	3016478	297038	1128341	4416951	174740	178480	333948	340170	292074	4417539	114575	43051	190931	261725	295487	337966	270595	194888	313721	251854	808609	581384	554304	177403	527021	1813887	181969	4401548	320224	337583	112166	557926	197587	297160	353737	4381749	207770	174712	1139897	274674	572263	2496050	1107829	155884	4405889	139177	166164	179834	511969	268043	322203	4326869	4466621	4387205	213399	180107	174147	4445557	351707	523028	462764	3235048	301730	177952	4132520	261199	338786	4336488	241489	114730	198184	822829	335480	295339	303574	293076	194868	291902	189820	195947	528508	182708	1657491	550037	192079	192383	4390330	177979	176593	291644	20449	299609	271430	193314	4367231	320250	584978	308786	179647	4311959	187321	4409418	187056	4381639	190268	100567	4357144	172296	189147	4375860	1108470	337762	807043	327900	4380664	278928	4416646	290420	4417904	191615	186187	358185	155951	349884	158297	321517	180509	43052	197135	260559	4468391	771083	823658	279492	112316	304242	261519	847728	189035	260207	270733	188484	176094	340923	47737	259195	261365	812671	1657492	515399	230268	268328	217186	4456702	4310136	270349	181890	195276	188276	1657484	185531	84779	295892	516987	183572	95570	339031	198980	331013	198210	343313	593965	177271	823634	178893	180826	293789	176499	4453977	186090	274901	161762	192244	4481464	333079	1818318	1089636	4460847	707986	182588	259922	815612	529789	3980515	565764	320070	4333652	1106006	175619	300644	775976	268964	4342971	211667	199141	527473	204352	323583	326774	275010	174532	341765	186554	148121	1111965	1657493	202162	4348472	798521	221454	322970	513106	173792	582652	304211	194223	264211	672442	588315	821538	181961	272407	190242	4231734	301989	182668	210647	48444	174607	268747	2943548	305056	178457	298491	189150	311591	318997	4330226
k__Bacteria; p__Firmicutes; c__Clostridia; o__Clostridiales; f__Lachnospiraceae; g__Roseburia; s__	191833	186624	3450454	176346	4373152	198494	541602	4396888	195512	3926480	4380813	181864	210092	508968	2978043	271593	195086	3484503	171399	176690	300235	178751	162623	182560	177515	4428949	531436	525474	191110	518613	4406161	1751298	528362	198542	4422039	301462	2497067	175612	28914	4336728	187265	180874	194053	254376	276643	392887	536831	1740283	322114	4335815	3694834	4418787	187447	701221	197760	3889296	195719	177055	199643	178766	195207	4072210	4375442	319197	3318103	169255	2065795	3152469	327730	197077	4332082	2724174	4344860	2438203	4379957	4414044	313593	3484497	4414488	197207	198597	365634	182065	3393191	365492	186471	261698	345542	4415649	3713805	187256	234314	2831841	308907	4363554	4371302	3192831	300222	4336731	4375894	328892	177237	174998	179472	4428953	185411	1928156	3014077	3964308	4429783	183198	193887	4128373	2250985	4481427	353124	2123719	186804	4394977	4289139	1860111	180654	3304796
k__Bacteria; p__Bacteroidetes; c__Bacteroidia; o__Bacteroidales; f__Bacteroidaceae; g__Bacteroides; s__caccae	2085032	184610	4369816	3827315	3929758	195508	184567	2599837	1906635	3765185	193528	187324	4428929	320120	2640061	4385318
k__Bacteria; p__Proteobacteria; c__Gammaproteobacteria; o__Enterobacteriales; f__Enterobacteriaceae; g__Citrobacter; s__	969149	674696	167950	169360	170521	232696	168415	737912	171217	280706	9846	233220	268585	171922	171518	163421	170798
k__Bacteria; p__Firmicutes; c__Clostridia; o__Clostridiales; f__Lachnospiraceae; g__Dorea; s__formicigenerans	4232048	4015729	179665	524258	360962	3220518	1076587	4424063	2842308	3779973	2199489	188249	176722	197248	186652	173945
k__Bacteria; p__Actinobacteria; c__Coriobacteriia; o__Coriobacteriales; f__Coriobacteriaceae; g__Collinsella; s__stercoris	2990918	23706	294210	288004	291811	4454024	329688
k__Bacteria; p__Firmicutes; c__Clostridia; o__Clostridiales; f__Clostridiaceae; g__Clostridium; s__celatum	4315688
k__Bacteria; p__Bacteroidetes; c__Bacteroidia; o__Bacteroidales; f__Bacteroidaceae; g__Bacteroides; s__ovatus	4352747	535375	3180933	180606	4256470	1604555	187443	4387250	1557169	187623	4304475	3475269	4433339	4412049	663649	4249719	2902741	178763	363625	4408959	4390319	308598	4234212	4395096	4347689	3674778	1935637	4395075	2653002	4103317	4357222
k__Bacteria; p__Firmicutes; c__Bacilli; o__Lactobacillales; f__Streptococcaceae; g__Streptococcus; s__	523025	15570	4315069	1005347	4376963	4390403	4407586	817176	669486	4477082	724120	1082539	959701	4297161	1008436	564914	870034	627071	3089522	878129	4415177	4438988	4454552	499109	1030575	942927	910272	4319793	1052540	4306048	2358923	989315	1109395	4445466	4298442	984650	537894	4344400	871442	4433192	1051230	509773	299659	4449286	990153	872446	4338486	1061897	1000816	4305815	4467992	1069880	4474756	506496	672166	1051299	3227737	864465	4406162	4456236	529233	874528	1056058	1005952	4447992	967427	15571	593803	591583	4322858	881857	933156	4309550	4344467	4424886	4315974	1073276	269509	191458	4179834	1019609	1085410	868337	936190	4315958	59566	730315	1067660	511475	579608	516814	1126851	92535	675673	893335	1141646	1935279	4406369	983335	997595	1068499	4307651	4320312	941438	1098340	1023988	290759	288249	2260620	4448457	802262	265868	958405	4313935	4318869	4306177	272150	868803	532232	756189	1055931	955003	961851	4334830	916510	964799	949816	298862	882063	4436161	930592	4332287	4424239	934679	959009	15540	4337090	1079866	992057	265267	4372206	923098	287813	960145	4428998	1096706	158725	986450	4306836	885560	932370	1139272	887706	4442130	968629	1021043	4362739	937163	4479989	2086000	3166216	4441854	358343	934418	4437024	3407515	3217643	517754	15430	879972	4397962	4290143	4455767	2901965	4419059	15387	2054256	1021368	4468897	4347865	1746900	4366060	640392	4462083	4416763	4441855	296535	4419788	1046054	301093	288417	989579	521996	4302587	965500	983600	929713	3855116	1048420	1010458	4358566	4366889	4302049	1017827	1046408	1997391	1043210	270572	4396519	4431922	1085832	1007430	966828	104405	941096	110438	4479373	286668	4436542	965573	922805	931950	289925	15366	1079708	4295456	4327777	1033473	513646	971607	986708	1092300	1080874	152823	870724	1696859	3284299	4317631	4439603	1083194	1130892	923468	4432042	237444	584109	4383049	4365756	1140223	4325935	1082294	1030188	98605	984572	888944	3875757	1060104	661259	545996	1018482	3678349	912296	897007	15431	4108335	4313711	4430300	15432	4325272	567427	920226	561636	528357	245916	4407432	4268571	197273	1024422	919898	4455887	297525	1000872	1049574	828043	894007	911808	736957	1040009	1085918	1696855	149109	557023	895813	4309770	1041079	292820	3384047	4346614	298988	4297222	797560	2024840	886612	872227	925031	934614	295590	894969	928424	3997006	863124	994219	994939	4373680	15564	4395661	4372313	4303016	301270	4472685	1023950	867680	888300	4384044	4464348	4436975	1140756	15368	3244896	4314737	942793	910353	4301566	4369035	883981	301574	4428042	2163247	221080	2953981	726438	1039405	328283	302880	864129	969707	241368	511795	1000188	4390642	107398	4390646	890546	966820	982306	889143	15483	4425214	1078207	15440	4314454	557978	4318710	2191123	3723096	4320317	923540	952805	853982	2208658	868817	4303294	1124305	4373689	4392549	4458476	261156	894045	4401260	4312339	924739	4447398	522025	4298224	1051669	1034052	4463579	911496	4438166	1024613	142203	922095	1019751	1015154	4345995	908873	1000547	4321400	536866	4455250	4330071	4399761	513500	303652	935842	4475824	993705	4295788	538185	4371765	960519	4326406	3264735	4369988	3698712	955886	939112	54794	2235029	4312886	4317267	4404925	3269889	327851	1085033	1059655	867024	288054	359502	15441	932853	2819725	1088134	4399328	1075283	110876	4321136	4322588	1023716	1142554	1007926	999368	859700	4325275	624246	255359	291195	991729	4329430	145009	4298702	1076969	4383878	299151	976171	4455875	960184	1057875	932208	4453665	2959075	1076557	965141	4328251	15357	4322712	508805	1979093	883387	910500	3449122	1049256	4328976	894780	911422	4344213	526804	4402254	877500	461851	949396	995373	4309301	4309764	3661873	349024	4346722	968954	972033	981894	300658	388019	516611	526131	4329215	328458	1012146	863014	567960	1047760	4448456	4346977	515853	4454548	890460	1035753	921101	1146865	869946	316765	872163	2410938	4388538	4332717	516966	1000269	4310500	316587	4462766	1952427	4346334	1000273	1085878	4307484	525966
k__Bacteria; p__Firmicutes; c__Clostridia; o__Clostridiales; f__Ruminococcaceae; g__Anaerotruncus; s__	311961	315223	1983368	4342104	367814
k__Bacteria; p__Firmicutes; c__Clostridia; o__Clostridiales; f__[Tissierellaceae]; g__Anaerococcus; s__	612311	902837	495396	30062	14286	1033679	4349518	1039584	495095	364935	1090458	1059957	362308	219668	389048	14285	403258	1097113	4349519	1029165	134786	360635	365056	430691	224222	4466460	968363	451449	505565	4476950	1086240	1008689	937813	1147574	207936	463893	882788	452647	236650	190690	494913	1038874	503372	385895	387243	930873	505251	383714	455407	876866	503394	410018	461396	471159	14284	495050	175062	898755	495084	198874	413706	14288	14287	504674	503138	426372	495070	1000592	432303	515662	996970	927089	4141532	408492	851682	14289	1002634	503236	503197	968342	2751958	419366	948830	424038	505311	415160	503387	239292	462461
k__Bacteria; p__Proteobacteria; c__Gammaproteobacteria; o__Enterobacteriales; f__Enterobacteriaceae; g__Proteus; s__	3440955	768553	166692	814112	1746913	4321292	3610691	4385479	470879	4440497	892778	204864	560629	202829
